"","VUF001A","VUF001B","VUF002A","VUF002B","VUF003A","VUF003B","VUF004A","VUF004B","VUF005A","VUF005B","VUF006A","VUF006B","VUF007A","VUF007B","VUF008A","VUF008B","VUF009A","VUF009B","VUF010A","VUF010B","VUF011A","VUF011B","VUF012A","VUF012B","VUF013A","VUF013B","VUF015A","VUF015B","VUF016A","VUF016B","VUF017A","VUF017B","VUF018A","VUF018B","VUF019A","VUF019B","VUF020A","VUF020B","VUF021A","VUF021B","VUF022A","VUF023A","VUF023B","VUF024A","VUF024B","VUF025A","VUF025B","VUF026A","VUF026B","VUF027A","VUF028A","VUF028B","VUF029A","VUF029B","VUF030A","VUF030B","VUF031A","VUF031B","VUF032A","VUF032B","VUF034A","VUF034B","VUF036A","VUF036B","VUF037A","VUF037B","VUF038A","VUF038B","VUF039A","VUF039B","VUF040A","VUF041A","VUF041B","VUF042A","VUF042B","VUF044A","VUF044B","VUF045A","VUF045B","VUF047A","VUF047B","VUF048A","VUF048B","VUF049A","VUF049B","VUF050A","VUF050B","VUF101A","VUF101B","VUF102A","VUF102B","VUF104A","VUF104B","VUF105A","VUF105B","VUF106A","VUF106B","VUF107A","VUF107B","VUF108A","VUF108B","VUF109A","VUF109B","VUF110A","VUF110B","VUF111A","VUF111B","VUF112A","VUF112B","VUF114A","VUF114B","VUF115A","VUF115B","VUF116A","VUF116B","VUF117A","VUF118A","VUF119A","VUF119B","VUF119C","VUF120B","VUF122A","VUF122B","VUF125A","VUF128A","VUF128B","VUF129A","VUF129B","VUF130A","VUF130B","VUF131A","VUF131B","VUF132A","VUF132B","VUF133A","VUF133B","VUF135A","VUF136B","VUF137A","VUF137B","VUF139A","VUF140A","VUF140B","VUF142A","VUF142B","VUF143A","VUF143B","VUF144A","VUF144B","VUF145A","VUF145B","VUF146A","VUF146B","VUF147A","VUF148A","VUF148B","VUF149A","VUF150A","VUF151A","VUF151B"
"2011",37.1,37.1,34.8,34.8,29.3,29.3,17.8,17.8,25,25,16.1,16.1,15.7,15.7,10.8,10.8,13.4,13.4,26.9,26.9,28.8,28.8,12.3,12.3,27.1,27.1,22.4,22.4,13.6,13.6,53.6,53.6,17.4,17.4,8.8,8.8,14.6,14.6,29,29,11.7,33,33,34.8,34.8,25.2,25.2,17,17,25.3,11.1,11.1,19.7,19.7,21.6,21.6,13,13,25,25,17.3,17.3,13.2,13.2,16,16,34.5,34.5,44.3,44.3,46.3,27,27,40.2,40.2,20.9,20.9,24.9,24.9,7,7,19,19,27.8,27.8,12.2,12.2,33.9,33.9,18.6,18.6,15.2,15.2,13,13,13.2,13.2,23,23,22.5,22.5,35,35,26.1,26.1,25.8,25.8,22.4,22.4,14,14,15.7,15.7,16,16,18.2,19.3,16.9,16.9,16.9,14.3,10.7,10.7,7.3,33.8,33.8,21.1,21.1,15.5,15.5,15.1,15.1,15.2,15.2,25.6,25.6,9.1,10,35.5,35.5,33.6,31.7,31.7,6.8,6.8,15.8,15.8,36.6,36.6,14.9,14.9,12.4,12.4,23.6,23.1,23.1,32,15.7,22.7,22.7
"2010",37.08,37.07,34.713,34.703,29.299,29.299,17.799,17.799,24.999,24.999,16.099,16.099,15.699,15.699,10.799,10.799,13.399,13.399,26.846,26.823,28.786,28.782,12.299,12.299,27.085,27.067,22.399,22.399,13.599,13.599,53.553,53.498,17.399,17.399,8.799,8.799,14.599,14.599,28.981,28.988,11.699,32.953,32.946,34.757,34.756,25.16,25.165,16.999,16.999,25.278,11.099,11.099,19.699,19.699,21.591,21.593,12.999,12.999,24.972,24.98,17.299,17.299,13.199,13.199,15.999,15.999,34.499,34.499,44.299,44.299,46.299,26.991,26.999,40.177,40.179,20.891,20.894,24.805,24.833,6.999,6.999,18.999,18.999,27.799,27.799,12.199,12.199,33.861,33.866,18.599,18.599,15.199,15.199,12.999,12.999,13.199,13.199,22.999,22.999,22.499,22.499,34.975,34.97,26.087,26.085,25.775,25.755,22.266,22.288,13.999,13.999,15.699,15.699,15.999,15.999,18.183,19.299,16.899,16.899,16.899,14.299,10.699,10.699,7.299,33.766,33.785,21.099,21.099,15.499,15.499,15.099,15.099,15.194,15.199,25.599,25.594,9.099,9.999,35.423,35.473,33.599,31.699,31.676,6.799,6.799,15.799,15.799,36.565,36.57,14.899,14.899,12.399,12.399,23.599,23.099,23.099,31.999,15.699,22.685,22.682
"2009",37.078,37.04,34.712,34.702,29.298,29.298,17.798,17.798,24.998,24.998,16.098,16.098,15.698,15.698,10.798,10.798,13.398,13.398,26.781,26.701,28.751,28.738,12.298,12.298,27.049,27.006,22.398,22.398,13.598,13.598,53.462,53.336,17.398,17.398,8.798,8.798,14.598,14.598,28.957,28.965,11.698,32.921,32.915,34.684,34.675,25.096,25.107,16.998,16.998,25.206,11.098,11.098,19.682,19.688,21.557,21.577,12.998,12.998,24.926,24.941,17.298,17.298,13.198,13.198,15.998,15.998,34.498,34.498,44.298,44.298,46.298,26.966,26.983,40.143,40.169,20.878,20.886,24.735,24.761,6.998,6.998,18.998,18.998,27.798,27.798,12.198,12.198,33.831,33.84,18.598,18.598,15.198,15.198,12.998,12.998,13.198,13.198,22.998,22.998,22.498,22.498,34.953,34.951,26.072,26.067,25.74,25.659,22.042,22.098,13.998,13.998,15.698,15.698,15.998,15.998,18.173,19.287,16.898,16.898,16.888,14.298,10.698,10.698,7.298,33.752,33.77,21.098,21.086,15.498,15.498,15.098,15.098,15.187,15.198,25.566,25.569,9.098,9.998,35.375,35.457,33.598,31.698,31.649,6.798,6.798,15.798,15.798,36.528,36.559,14.898,14.898,12.398,12.398,23.583,23.098,23.098,31.998,15.698,22.667,22.656
"2008",37.051,36.989,34.57,34.53,29.297,29.297,17.797,17.797,24.99,24.992,16.097,16.097,15.697,15.697,10.797,10.797,13.397,13.397,26.658,26.572,28.69,28.677,12.297,12.297,27.015,26.915,22.382,22.397,13.597,13.597,53.305,53.128,17.397,17.397,8.797,8.797,14.597,14.597,28.913,28.928,11.697,32.866,32.876,34.59,34.6,24.995,25.014,16.997,16.997,25.054,11.097,11.097,19.658,19.667,21.512,21.546,12.997,12.994,24.844,24.884,17.272,17.291,13.197,13.197,15.997,15.985,34.48,34.489,44.283,44.277,46.297,26.911,26.957,40.091,40.128,20.86,20.879,24.694,24.673,6.997,6.997,18.986,18.991,27.797,27.791,12.197,12.197,33.767,33.799,18.597,18.597,15.197,15.19,12.997,12.997,13.197,13.197,22.997,22.984,22.497,22.497,34.942,34.9,26.035,26.037,25.686,25.509,21.793,21.928,13.997,13.997,15.697,15.697,15.997,15.997,18.165,19.264,16.897,16.892,16.871,14.297,10.697,10.697,7.297,33.737,33.75,21.083,21.062,15.497,15.497,15.097,15.088,15.183,15.197,25.493,25.524,9.097,9.997,35.295,35.411,33.592,31.697,31.605,6.797,6.797,15.797,15.797,36.468,36.529,14.897,14.897,12.374,12.397,23.563,23.097,23.097,31.997,15.697,22.628,22.606
"2007",37.029,36.925,34.456,34.384,29.296,29.296,17.796,17.796,24.987,24.981,16.096,16.096,15.692,15.696,10.796,10.796,13.396,13.396,26.562,26.466,28.627,28.614,12.296,12.296,26.923,26.795,22.364,22.396,13.596,13.596,53.189,53.021,17.396,17.396,8.796,8.796,14.596,14.596,28.848,28.875,11.696,32.822,32.83,34.534,34.557,24.933,24.946,16.996,16.99,24.908,11.096,11.096,19.614,19.628,21.456,21.498,12.996,12.981,24.732,24.821,17.232,17.255,13.196,13.196,15.988,15.965,34.464,34.468,44.247,44.25,46.259,26.833,26.92,40.019,40.071,20.828,20.871,24.652,24.622,6.996,6.996,18.981,18.983,27.776,27.774,12.196,12.18,33.725,33.763,18.596,18.596,15.196,15.186,12.996,12.996,13.196,13.196,22.996,22.974,22.47,22.496,34.9,34.855,25.997,26.006,25.613,25.376,21.645,21.794,13.996,13.983,15.696,15.696,15.996,15.996,18.142,19.25,16.882,16.877,16.857,14.296,10.696,10.696,7.296,33.718,33.708,21.035,21.004,15.488,15.49,15.096,15.071,15.166,15.196,25.426,25.472,9.096,9.996,35.202,35.362,33.584,31.696,31.514,6.796,6.796,15.796,15.796,36.438,36.508,14.896,14.896,12.365,12.385,23.52,23.072,23.079,31.996,15.67,22.6,22.554
"2006",36.981,36.851,34.415,34.335,29.295,29.295,17.795,17.795,24.974,24.96,16.095,16.095,15.66,15.695,10.795,10.795,13.381,13.383,26.488,26.387,28.567,28.557,12.295,12.295,26.824,26.653,22.302,22.348,13.595,13.595,53.076,52.948,17.395,17.395,8.795,8.795,14.595,14.595,28.782,28.802,11.695,32.762,32.765,34.486,34.521,24.878,24.885,16.995,16.987,24.697,11.084,11.079,19.532,19.552,21.378,21.436,12.965,12.935,24.585,24.752,17.186,17.194,13.195,13.195,15.954,15.911,34.421,34.427,44.181,44.17,46.217,26.706,26.854,39.91,39.99,20.78,20.835,24.548,24.515,6.989,6.995,18.95,18.959,27.723,27.725,12.195,12.157,33.653,33.711,18.595,18.57,15.166,15.137,12.967,12.995,13.195,13.195,22.949,22.938,22.441,22.471,34.857,34.797,25.934,25.929,25.521,25.267,21.501,21.678,13.981,13.941,15.695,15.695,15.969,15.961,18.109,19.188,16.848,16.843,16.807,14.273,10.695,10.687,7.295,33.686,33.638,20.963,20.938,15.463,15.453,15.074,15.042,15.126,15.172,25.341,25.393,9.095,9.995,35.115,35.291,33.567,31.695,31.39,6.795,6.795,15.776,15.78,36.381,36.464,14.895,14.895,12.335,12.369,23.461,23.028,23.045,31.965,15.63,22.564,22.504
"2005",36.949,36.818,34.376,34.296,29.27,29.285,17.785,17.779,24.97,24.946,16.094,16.094,15.656,15.671,10.794,10.794,13.38,13.379,26.438,26.32,28.554,28.512,12.294,12.294,26.798,26.592,22.295,22.347,13.594,13.594,52.995,52.888,17.394,17.394,8.794,8.794,14.594,14.594,28.749,28.784,11.694,32.729,32.726,34.453,34.5,24.831,24.834,16.994,16.983,24.542,11.078,11.07,19.485,19.502,21.319,21.392,12.961,12.917,24.547,24.727,17.177,17.17,13.179,13.169,15.947,15.893,34.381,34.369,44.134,44.114,46.174,26.657,26.828,39.845,39.962,20.758,20.818,24.467,24.43,6.987,6.994,18.94,18.951,27.704,27.706,12.194,12.15,33.631,33.674,18.58,18.562,15.161,15.123,12.966,12.982,13.188,13.194,22.94,22.92,22.43,22.466,34.842,34.762,25.879,25.884,25.469,25.214,21.423,21.612,13.977,13.915,15.676,15.689,15.959,15.942,18.084,19.181,16.837,16.827,16.792,14.268,10.69,10.683,7.294,33.667,33.592,20.95,20.92,15.444,15.435,15.065,15.028,15.105,15.149,25.331,25.384,9.084,9.994,35.038,35.226,33.547,31.694,31.293,6.794,6.794,15.772,15.777,36.315,36.447,14.894,14.894,12.332,12.368,23.42,23.007,23.033,31.949,15.608,22.546,22.468
"2004",36.857,36.71,34.332,34.254,29.226,29.281,17.755,17.755,24.914,24.876,16.093,16.093,15.619,15.637,10.793,10.793,13.34,13.319,26.315,26.171,28.483,28.425,12.293,12.287,26.665,26.377,22.23,22.285,13.572,13.573,52.845,52.764,17.365,17.338,8.781,8.777,14.577,14.568,28.596,28.646,11.67,32.622,32.621,34.401,34.455,24.72,24.705,16.972,16.931,24.359,11.032,11.024,19.377,19.389,21.165,21.316,12.904,12.837,24.402,24.638,17.121,17.087,13.156,13.133,15.86,15.774,34.288,34.273,43.99,43.944,46.059,26.537,26.718,39.669,39.864,20.697,20.759,24.337,24.272,6.947,6.981,18.876,18.895,27.628,27.642,12.171,12.085,33.531,33.578,18.542,18.504,15.124,15.056,12.936,12.937,13.175,13.184,22.875,22.866,22.371,22.432,34.755,34.636,25.783,25.793,25.358,25.067,21.274,21.48,13.957,13.864,15.647,15.649,15.904,15.876,18.023,19.124,16.797,16.736,16.746,14.249,10.673,10.665,7.293,33.573,33.491,20.862,20.829,15.381,15.352,15.022,14.984,15.036,15.095,25.257,25.306,9.05,9.993,34.881,35.137,33.5,31.693,31.082,6.768,6.773,15.731,15.748,36.193,36.368,14.843,14.893,12.292,12.343,23.301,22.911,22.966,31.84,15.525,22.457,22.359
"2003",36.81,36.649,34.299,34.205,29.204,29.224,17.703,17.712,24.877,24.836,16.092,16.073,15.604,15.613,10.786,10.792,13.31,13.275,26.24,26.056,28.43,28.373,12.29,12.263,26.589,26.218,22.175,22.238,13.545,13.542,52.723,52.675,17.338,17.292,8.76,8.75000000000001,14.561,14.539,28.501,28.57,11.645,32.533,32.55,34.362,34.424,24.647,24.621,16.951,16.901,24.161,10.996,10.988,19.297,19.304,21.067,21.257,12.865,12.802,24.308,24.57,17.08,17.029,13.143,13.108,15.817,15.71,34.2,34.191,43.85,43.793,45.946,26.441,26.611,39.559,39.809,20.655,20.711,24.267,24.19,6.909,6.96,18.846,18.867,27.583,27.602,12.152,12.039,33.452,33.498,18.519,18.457,15.089,15.012,12.904,12.901,13.167,13.178,22.805,22.796,22.319,22.394,34.677,34.516,25.696,25.714,25.281,24.956,21.188,21.388,13.94,13.827,15.61,15.611,15.849,15.811,17.97,19.066,16.748,16.667,16.679,14.228,10.652,10.648,7.292,33.484,33.409,20.791,20.765,15.318,15.272,14.991,14.949,14.979,15.052,25.212,25.251,9.016,9.992,34.766,35.071,33.426,31.692,30.87,6.731,6.728,15.693,15.707,36.1,36.31,14.803,14.871,12.261,12.324,23.202,22.856,22.915,31.775,15.444,22.385,22.257
"2002",36.767,36.601,34.268,34.169,29.186,29.19,17.645,17.665,24.824,24.781,16.091,16.059,15.583,15.59,10.772,10.78,13.279,13.24,26.19,25.983,28.386,28.323,12.279,12.234,26.526,26.117,22.11,22.19,13.527,13.521,52.625,52.605,17.32,17.264,8.744,8.73700000000001,14.539,14.511,28.452,28.521,11.628,32.458,32.482,34.332,34.395,24.574,24.546,16.93,16.871,24.055,10.971,10.966,19.23,19.241,21.001,21.212,12.833,12.763,24.251,24.526,17.046,16.988,13.137,13.093,15.781,15.651,34.137,34.122,43.766,43.727,45.873,26.364,26.555,39.489,39.765,20.622,20.681,24.236,24.144,6.873,6.944,18.829,18.85,27.546,27.562,12.144,12.002,33.387,33.428,18.502,18.43,15.06,14.973,12.886,12.874,13.156,13.17,22.744,22.741,22.277,22.364,34.621,34.453,25.64,25.661,25.198,24.88,21.118,21.315,13.925,13.787,15.579,15.587,15.8,15.75,17.932,19.01,16.706,16.624,16.619,14.202,10.625,10.622,7.291,33.433,33.354,20.744,20.713,15.285,15.228,14.963,14.921,14.927,15.012,25.169,25.207,8.991,9.991,34.698,35.013,33.367,31.691,30.678,6.703,6.695,15.664,15.684,36.053,36.284,14.787,14.843,12.241,12.313,23.129,22.815,22.881,31.73,15.391,22.338,22.202
"2001",36.743,36.564,34.251,34.151,29.182,29.189,17.619,17.648,24.799,24.755,16.082,16.055,15.572,15.581,10.768,10.774,13.275,13.228,26.149,25.917,28.369,28.296,12.276,12.233,26.488,26.055,22.073,22.173,13.526,13.514,52.553,52.557,17.319,17.253,8.743,8.73400000000001,14.531,14.504,28.432,28.504,11.619,32.403,32.434,34.302,34.371,24.527,24.505,16.924,16.849,23.994,10.956,10.954,19.183,19.181,20.969,21.188,12.818,12.745,24.224,24.5,17.031,16.972,13.136,13.083,15.774,15.634,34.095,34.091,43.709,43.685,45.817,26.326,26.524,39.421,39.745,20.595,20.662,24.209,24.117,6.856,6.931,18.815,18.838,27.521,27.541,12.137,11.982,33.324,33.39,18.49,18.41,15.041,14.943,12.88,12.858,13.147,13.166,22.724,22.724,22.252,22.346,34.584,34.401,25.605,25.63,25.146,24.826,21.064,21.256,13.918,13.768,15.566,15.58,15.773,15.721,17.9,18.996,16.685,16.606,16.595,14.192,10.624,10.619,7.29,33.406,33.32,20.727,20.692,15.258,15.187,14.946,14.897,14.874,14.968,25.141,25.183,8.985,9.99000000000001,34.645,34.971,33.321,31.69,30.545,6.695,6.684,15.647,15.668,36.019,36.266,14.779,14.827,12.233,12.308,23.091,22.797,22.863,31.702,15.356,22.313,22.174
"2000",36.685,36.497,34.197,34.092,29.14,29.165,17.507,17.553,24.729,24.675,16.068,16.053,15.514,15.528,10.755,10.764,13.24,13.173,26.048,25.754,28.294,28.206,12.268,12.222,26.36,25.86,21.951,22.094,13.472,13.447,52.406,52.459,17.289,17.203,8.704,8.684,14.479,14.437,28.34,28.416,11.581,32.299,32.342,34.258,34.324,24.418,24.381,16.889,16.776,23.871,10.912,10.902,19.07,19.044,20.847,21.116,12.744,12.67,24.105,24.397,16.954,16.888,13.127,13.054,15.712,15.51,33.981,33.988,43.558,43.563,45.634,26.144,26.408,39.26,39.671,20.505,20.574,24.14,24.033,6.817,6.92,18.763,18.782,27.421,27.453,12.117,11.934,33.169,33.285,18.452,18.353,14.991,14.889,12.832,12.782,13.116,13.146,22.651,22.659,22.194,22.291,34.478,34.264,25.502,25.506,25.04,24.713,20.943,21.101,13.899,13.708,15.53,15.556,15.704,15.64,17.842,18.904,16.618,16.544,16.446,14.15,10.584,10.564,7.289,33.317,33.193,20.651,20.626,15.189,15.092,14.911,14.858,14.784,14.906,25.052,25.094,8.943,9.889,34.499,34.872,33.222,31.689,30.318,6.633,6.605,15.591,15.612,35.922,36.205,14.758,14.791,12.206,12.29,23.006,22.741,22.814,31.642,15.283,22.261,22.097
"1999",36.655,36.467,34.182,34.068,29.139,29.157,17.488,17.538,24.698,24.635,16.058,16.046,15.502,15.517,10.736,10.748,13.239,13.161,26.022,25.685,28.282,28.185,12.253,12.204,26.338,25.823,21.911,22.073,13.47,13.446,52.33,52.388,17.282,17.194,8.703,8.68300000000001,14.468,14.43,28.302,28.389,11.58,32.248,32.299,34.233,34.298,24.379,24.344,16.883,16.759,23.812,10.903,10.894,19.027,19.002,20.784,21.083,12.742,12.649,24.079,24.368,16.946,16.887,13.126,13.052,15.708,15.498,33.945,33.953,43.511,43.512,45.586,26.095,26.374,39.207,39.641,20.489,20.552,24.114,24,6.799,6.918,18.751,18.776,27.407,27.435,12.116,11.931,33.121,33.234,18.44,18.331,14.986,14.879,12.831,12.772,13.115,13.145,22.625,22.636,22.171,22.276,34.444,34.22,25.463,25.455,25.001,24.663,20.896,21.06,13.898,13.699,15.513,15.544,15.685,15.614,17.801,18.842,16.596,16.528,16.41,14.137,10.572,10.539,7.268,33.287,33.155,20.638,20.603,15.169,15.066,14.894,14.842,14.752,14.89,25.04,25.07,8.942,9.83700000000001,34.443,34.818,33.16,31.688,30.166,6.617,6.587,15.577,15.599,35.88,36.179,14.752,14.79,12.205,12.289,22.975,22.726,22.795,31.609,15.258,22.239,22.074
"1998",36.558,36.351,34.071,33.915,29.091,29.092,17.336,17.437,24.516,24.439,16.043,16.031,15.381,15.419,10.716,10.727,13.185,13.076,25.821,25.473,28.168,28.04,12.234,12.175,26.193,25.568,21.811,21.925,13.412,13.402,52.053,52.197,17.234,17.119,8.665,8.626,14.408,14.365,28.134,28.24,11.534,32.13,32.209,34.132,34.209,24.18,24.087,16.835,16.684,23.648,10.841,10.828,18.855,18.804,20.529,20.948,12.692,12.552,23.912,24.191,16.867,16.835,13.106,13.023,15.632,15.375,33.747,33.778,43.276,43.319,45.347,25.819,26.212,38.992,39.48,20.381,20.437,23.949,23.804,6.746,6.895,18.657,18.697,27.313,27.342,12.095,11.907,32.975,33.082,18.375,18.229,14.923,14.807,12.782,12.679,13.057,13.106,22.497,22.545,22.066,22.191,34.305,34.042,25.311,25.236,24.844,24.433,20.678,20.884,13.875,13.632,15.447,15.464,15.555,15.487,17.718,18.663,16.473,16.429,16.292,14.065,10.52,10.433,7.246,33.128,32.929,20.52,20.493,15.019,14.906,14.858,14.789,14.612,14.799,24.934,24.969,8.897,9.74600000000001,34.124,34.529,33.047,31.687,29.821,6.502,6.439,15.528,15.545,35.663,36.01,14.696,14.762,12.169,12.266,22.838,22.618,22.683,31.444,15.105,22.111,21.944
"1997",36.461,36.229,34.003,33.781,29.049,29.051,17.236,17.362,24.35,24.279,16.03,16.019,15.286,15.351,10.711,10.722,13.151,13.019,25.654,25.329,28.102,27.957,12.221,12.153,26.094,25.395,21.732,21.843,13.363,13.374,51.842,52.042,17.19,17.059,8.63,8.578,14.353,14.297,27.98,28.091,11.499,32.034,32.122,34.012,34.103,24.027,23.91,16.795,16.616,23.532,10.799,10.766,18.74,18.671,20.337,20.821,12.653,12.471,23.773,24.068,16.825,16.804,13.1,13.01,15.586,15.297,33.548,33.62,43.092,43.139,45.124,25.624,26.086,38.795,39.35,20.3,20.336,23.821,23.636,6.715,6.88,18.572,18.628,27.245,27.275,12.079,11.889,32.853,32.958,18.324,18.153,14.871,14.733,12.752,12.626,13.012,13.074,22.405,22.483,21.978,22.12,34.197,33.886,25.208,25.057,24.719,24.208,20.501,20.75,13.859,13.579,15.42,15.414,15.464,15.38,17.642,18.523,16.37,16.334,16.195,14.01,10.49,10.352,7.224,32.984,32.766,20.446,20.405,14.924,14.787,14.825,14.673,14.485,14.717,24.847,24.902,8.868,9.67600000000001,33.894,34.351,32.94,31.686,29.537,6.444,6.356,15.478,15.497,35.487,35.877,14.647,14.734,12.145,12.252,22.717,22.536,22.589,31.275,14.969,22,21.825
"1996",36.384,36.129,33.939,33.671,28.999,29.021,17.118,17.269,24.203,24.137,16.011,16,15.194,15.263,10.689,10.701,13.1,12.93,25.494,25.131,28.012,27.863,12.195,12.121,25.971,25.212,21.638,21.739,13.295,13.333,51.609,51.893,17.144,16.991,8.591,8.515,14.292,14.221,27.808,27.94,11.452,31.916,32.02,33.902,34.028,23.86,23.73,16.748,16.547,23.38,10.747,10.698,18.62,18.534,20.17,20.68,12.601,12.375,23.626,23.913,16.771,16.755,13.079,12.986,15.517,15.201,33.341,33.436,42.906,42.939,44.905,25.444,25.94,38.583,39.191,20.209,20.243,23.678,23.474,6.662,6.857,18.468,18.555,27.155,27.172,12.05,11.86,32.728,32.85,18.266,18.078,14.809,14.669,12.713,12.55,12.964,13.042,22.308,22.41,21.886,22.039,34.082,33.73,25.1,24.87,24.597,24.038,20.313,20.589,13.83,13.524,15.374,15.344,15.382,15.285,17.577,18.327,16.255,16.246,16.067,13.954,10.448,10.267,7.213,32.778,32.627,20.351,20.309,14.806,14.664,14.784,14.596,14.351,14.623,24.741,24.82,8.81,9.62200000000001,33.636,34.163,32.835,31.685,29.262,6.388,6.258,15.436,15.462,35.346,35.762,14.603,14.704,12.119,12.234,22.613,22.442,22.501,31.153,14.837,21.89,21.725
"1995",36.34,36.06,33.909,33.619,28.987,28.969,17.063,17.216,24.138,24.06,16.009,15.997,15.17,15.239,10.685,10.7,13.079,12.88,25.399,25.015,27.971,27.8,12.193,12.112,25.915,25.141,21.603,21.704,13.283,13.321,51.481,51.791,17.135,16.962,8.578,8.495,14.268,14.184,27.738,27.88,11.429,31.869,31.976,33.825,33.958,23.776,23.644,16.742,16.525,23.286,10.733,10.682,18.547,18.453,20.091,20.606,12.58,12.33,23.561,23.853,16.76,16.744,13.078,12.982,15.506,15.166,33.231,33.301,42.761,42.784,44.822,25.358,25.87,38.472,39.108,20.136,20.173,23.595,23.365,6.645,6.844,18.421,18.526,27.114,27.135,12.049,11.856,32.628,32.752,18.23,18.037,14.769,14.62,12.705,12.529,12.947,13.028,22.26,22.379,21.838,22.002,33.962,33.612,25.023,24.76,24.52,23.962,20.212,20.498,13.819,13.491,15.362,15.327,15.335,15.236,17.548,18.262,16.207,16.19,15.994,13.918,10.425,10.229,7.211,32.687,32.535,20.318,20.267,14.736,14.594,14.765,14.56,14.292,14.577,24.716,24.78,8.795,9.58700000000001,33.491,34.045,32.78,31.684,29.118,6.375,6.238,15.419,15.439,35.239,35.687,14.583,14.693,12.11,12.233,22.547,22.395,22.454,31.075,14.774,21.834,21.681
"1994",36.18,35.873,33.781,33.418,28.897,28.898,16.915,17.097,23.943,23.884,15.981,15.962,15.06,15.128,10.653,10.667,13,12.758,25.178,24.783,27.835,27.643,12.177,12.07,25.735,24.917,21.426,21.529,13.235,13.27,51.177,51.574,17.064,16.87,8.512,8.397,14.195,14.108,27.52,27.68,11.357,31.747,31.844,33.691,33.84,23.561,23.441,16.674,16.424,23.13,10.681,10.625,18.359,18.268,19.858,20.41,12.52,12.223,23.347,23.636,16.704,16.696,13.062,12.959,15.422,15.035,32.948,33.019,42.446,42.483,44.575,25.12,25.671,38.179,38.912,20.033,20.028,23.395,23.156,6.574,6.808,18.279,18.433,26.985,26.982,12.034,11.822,32.418,32.552,18.143,17.919,14.699,14.526,12.659,12.431,12.899,12.977,22.112,22.233,21.702,21.899,33.722,33.37,24.873,24.539,24.331,23.741,19.984,20.326,13.785,13.433,15.299,15.244,15.216,15.095,17.475,18.088,16.099,16.056,15.843,13.855,10.369,10.115,7.185,32.451,32.285,20.175,20.109,14.557,14.424,14.708,14.472,14.166,14.444,24.594,24.66,8.729,9.54800000000001,33.182,33.795,32.7,31.683,28.856,6.299,6.115,15.374,15.394,35.027,35.5,14.5,14.631,12.075,12.212,22.41,22.27,22.316,30.895,14.633,21.689,21.545
"1993",36.083,35.753,33.693,33.325,28.83,28.85,16.824,17.029,23.846,23.798,15.955,15.943,14.988,15.063,10.631,10.646,12.961,12.681,25.07,24.627,27.767,27.562,12.169,12.049,25.646,24.783,21.32,21.429,13.213,13.244,50.936,51.404,17.021,16.811,8.459,8.308,14.159,14.065,27.411,27.589,11.308,31.63,31.727,33.607,33.758,23.385,23.265,16.623,16.35,23.034,10.647,10.587,18.257,18.159,19.772,20.304,12.491,12.167,23.244,23.522,16.647,16.669,13.052,12.948,15.363,14.957,32.792,32.848,42.215,42.254,44.419,24.984,25.527,37.981,38.775,19.982,19.962,23.271,23.058,6.531,6.784,18.193,18.375,26.904,26.897,12.021,11.798,32.271,32.432,18.077,17.833,14.656,14.459,12.63,12.36,12.847,12.935,22.001,22.12,21.609,21.831,33.566,33.226,24.775,24.386,24.184,23.592,19.842,20.21,13.764,13.387,15.256,15.188,15.136,14.991,17.412,17.941,16.006,15.965,15.701,13.79,10.328,10.032,7.169,32.29,32.096,20.095,20.026,14.447,14.303,14.634,14.366,14.074,14.359,24.487,24.586,8.691,9.51200000000001,32.965,33.62,32.622,31.682,28.609,6.24,6.022,15.343,15.364,34.878,35.387,14.447,14.594,12.05,12.196,22.316,22.193,22.234,30.771,14.537,21.584,21.432
"1992",35.946,35.573,33.594,33.21,28.749,28.788,16.719,16.958,23.707,23.681,15.933,15.922,14.933,15.019,10.607,10.616,12.892,12.567,24.899,24.381,27.68,27.445,12.153,12.008,25.527,24.563,21.185,21.297,13.186,13.213,50.651,51.181,16.972,16.751,8.415,8.189,14.121,14.02,27.274,27.452,11.256,31.466,31.576,33.507,33.672,23.206,23.078,16.541,16.253,22.935,10.61,10.542,18.143,18.029,19.572,20.178,12.459,12.1,23.101,23.383,16.597,16.638,13.04,12.936,15.291,14.86,32.608,32.626,41.936,41.98,44.188,24.817,25.363,37.721,38.552,19.907,19.873,23.121,22.913,6.482,6.761,18.054,18.278,26.768,26.787,11.999,11.762,32.063,32.268,18.005,17.742,14.606,14.395,12.593,12.289,12.805,12.896,21.906,22.014,21.52,21.756,33.382,33.059,24.658,24.215,24.024,23.407,19.647,20.064,13.744,13.342,15.205,15.126,15.057,14.912,17.334,17.823,15.94,15.848,15.579,13.746,10.294,9.956,7.158,32.082,31.856,20.002,19.924,14.326,14.157,14.534,14.227,13.985,14.262,24.39,24.505,8.664,9.47400000000001,32.705,33.405,32.507,31.681,28.309,6.193,5.94,15.318,15.345,34.665,35.225,14.381,14.553,12.027,12.175,22.173,22.085,22.122,30.583,14.437,21.457,21.283
"1991",35.829,35.42,33.449,33.006,28.683,28.726,16.642,16.889,23.543,23.524,15.911,15.892,14.893,14.966,10.585,10.594,12.821,12.468,24.714,24.174,27.578,27.323,12.141,11.97,25.382,24.358,21.055,21.146,13.164,13.19,50.348,50.932,16.915,16.68,8.368,8.039,14.085,13.98,27.135,27.264,11.219,31.3,31.453,33.377,33.559,23.012,22.841,16.457,16.141,22.83,10.582,10.495,18.019,17.91,19.343,20.015,12.432,12.042,22.904,23.201,16.564,16.605,13.028,12.933,15.231,14.8,32.406,32.4,41.648,41.701,43.94,24.649,25.232,37.487,38.343,19.845,19.819,22.957,22.742,6.44,6.739,17.927,18.179,26.651,26.69,11.984,11.732,31.883,32.119,17.924,17.623,14.552,14.332,12.554,12.232,12.762,12.865,21.846,21.934,21.435,21.681,33.204,32.874,24.505,24.005,23.843,23.162,19.443,19.9,13.725,13.315,15.165,15.03,14.994,14.834,17.282,17.7,15.851,15.747,15.433,13.711,10.254,9.842,7.145,31.799,31.56,19.905,19.815,14.166,13.982,14.446,14.081,13.912,14.143,24.268,24.413,8.646,9.45000000000001,32.37,33.125,32.412,31.68,28.035,6.132,5.83,15.295,15.333,34.382,35.019,14.298,14.508,12.005,12.155,22.008,21.963,21.987,30.396,14.339,21.279,21.085
"1990",35.68,35.227,33.302,32.718,28.627,28.673,16.585,16.839,23.344,23.305,15.884,15.853,14.852,14.922,10.571,10.58,12.763,12.38,24.524,24.007,27.482,27.194,12.128,11.934,25.271,24.184,20.968,21.057,13.151,13.166,49.987,50.589,16.866,16.613,8.33,7.995,14.055,13.946,27.01,27.093,11.19,31.113,31.303,33.212,33.413,22.805,22.617,16.407,16.053,22.698,10.562,10.455,17.908,17.8,19.163,19.866,12.414,11.999,22.726,23.004,16.531,16.571,13.017,12.925,15.178,14.753,32.18,32.15,41.401,41.464,43.714,24.472,25.116,37.256,38.125,19.769,19.754,22.763,22.547,6.387,6.717,17.8,18.075,26.536,26.596,11.952,11.688,31.707,31.951,17.829,17.48,14.513,14.288,12.528,12.197,12.734,12.841,21.781,21.871,21.344,21.606,32.982,32.651,24.359,23.782,23.69,22.941,19.244,19.705,13.701,13.276,15.145,14.929,14.935,14.777,17.241,17.585,15.76,15.625,15.291,13.674,10.21,9.737,7.137,31.465,31.25,19.808,19.709,14.037,13.806,14.372,13.944,13.871,14.076,24.151,24.333,8.617,9.41400000000001,32.012,32.82,32.338,31.679,27.713,6.082,5.741,15.275,15.319,34.139,34.816,14.229,14.462,11.975,12.142,21.883,21.848,21.856,30.225,14.261,21.086,20.883
"1989",35.608,35.142,33.233,32.594,28.559,28.615,16.544,16.796,23.265,23.217,15.864,15.818,14.836,14.903,10.557,10.565,12.716,12.319,24.406,23.901,27.43,27.119,12.116,11.906,25.202,24.071,20.906,20.98,13.139,13.143,49.755,50.384,16.836,16.574,8.295,7.964,14.026,13.915,26.925,27.014,11.171,31,31.233,33.111,33.321,22.664,22.465,16.37,15.999,22.59,10.541,10.428,17.83,17.716,19.04,19.777,12.394,11.971,22.631,22.894,16.504,16.537,13.001,12.914,15.15,14.719,32.012,31.924,41.213,41.25,43.528,24.354,24.982,37.101,37.999,19.714,19.702,22.642,22.428,6.361,6.707,17.711,17.996,26.454,26.513,11.931,11.66,31.531,31.792,17.763,17.37,14.481,14.252,12.507,12.165,12.705,12.818,21.737,21.828,21.281,21.558,32.819,32.463,24.232,23.625,23.587,22.797,19.057,19.547,13.682,13.246,15.132,14.868,14.89,14.736,17.222,17.486,15.684,15.535,15.172,13.638,10.172,9.671,7.132,31.228,30.999,19.742,19.64,13.931,13.685,14.277,13.835,13.834,14.021,24.035,24.261,8.562,9.38800000000001,31.701,32.585,32.266,31.678,27.455,6.032,5.668,15.259,15.301,33.959,34.644,14.185,14.417,11.959,12.128,21.788,21.752,21.768,30.103,14.206,20.935,20.728
"1988",35.525,35.016,33.145,32.47,28.527,28.586,16.516,16.777,23.188,23.127,15.853,15.804,14.835,14.898,10.548,10.559,12.698,12.279,24.325,23.805,27.39,27.054,12.114,11.896,25.156,24,20.832,20.896,13.136,13.131,49.526,50.176,16.815,16.535,8.275,7.948,14.021,13.909,26.856,26.931,11.158,30.846,31.119,32.981,33.214,22.559,22.351,16.329,15.953,22.502,10.531,10.413,17.787,17.67,18.954,19.717,12.354,11.956,22.572,22.82,16.492,16.52,12.999,12.913,15.129,14.695,31.87,31.699,41.037,41.066,43.393,24.282,24.896,36.93,37.869,19.666,19.667,22.535,22.303,6.341,6.7,17.653,17.95,26.383,26.42,11.918,11.629,31.333,31.616,17.714,17.279,14.459,14.221,12.49,12.141,12.691,12.815,21.685,21.775,21.217,21.502,32.669,32.263,24.139,23.495,23.517,22.691,18.912,19.411,13.674,13.239,15.104,14.802,14.865,14.719,17.203,17.42,15.643,15.448,15.113,13.615,10.156,9.64,7.123,30.99,30.762,19.682,19.565,13.867,13.616,14.167,13.683,13.814,13.972,23.96,24.211,8.547,9.36500000000001,31.417,32.408,32.168,31.677,27.237,5.997,5.616,15.254,15.291,33.817,34.507,14.146,14.389,11.944,12.118,21.715,21.679,21.694,29.973,14.169,20.842,20.612
"1987",35.356,34.794,32.93,32.21,28.406,28.464,16.441,16.72,22.939,22.908,15.816,15.753,14.808,14.855,10.515,10.523,12.623,12.128,24.145,23.57,27.223,26.84,12.092,11.838,25.008,23.792,20.667,20.701,13.105,13.086,49.099,49.84,16.749,16.437,8.229,7.899,13.991,13.863,26.634,26.688,11.118,30.657,30.955,32.788,33.018,22.264,22.038,16.222,15.857,22.223,10.492,10.368,17.654,17.54,18.715,19.564,12.335,11.873,22.314,22.597,16.457,16.482,12.974,12.891,15.055,14.615,31.586,31.263,40.653,40.676,43.085,24.116,24.704,36.618,37.635,19.555,19.59,22.318,22.089,6.301,6.685,17.516,17.827,26.236,26.17,11.872,11.575,30.889,31.28,17.626,17.113,14.406,14.176,12.458,12.098,12.652,12.791,21.592,21.701,21.076,21.364,32.336,31.849,23.942,23.249,23.389,22.488,18.632,19.136,13.651,13.217,15.04,14.7,14.799,14.658,17.174,17.266,15.563,15.245,14.98,13.571,10.126,9.589,7.118,30.312,30.148,19.525,19.358,13.726,13.426,14.043,13.475,13.757,13.854,23.797,24.09,8.516,9.34100000000001,30.803,31.996,32.042,31.676,26.918,5.918,5.526,15.217,15.258,33.449,34.178,14.053,14.318,11.909,12.091,21.573,21.515,21.529,29.636,14.081,20.547,20.308
"1986",35.261,34.665,32.765,32.043,28.349,28.406,16.413,16.698,22.813,22.766,15.811,15.724,14.782,14.837,10.504,10.513,12.58,12.069,24.058,23.433,27.069,26.683,12.089,11.807,24.906,23.681,20.578,20.597,13.088,13.082,48.831,49.638,16.709,16.383,8.199,7.872,13.968,13.824,26.523,26.551,11.108,30.499,30.82,32.601,32.822,22.078,21.814,16.153,15.796,22.102,10.483,10.359,17.595,17.467,18.6,19.483,12.306,11.819,22.168,22.45,16.429,16.454,12.963,12.873,15.035,14.579,31.464,31.088,40.416,40.492,42.885,24.054,24.633,36.438,37.497,19.494,19.553,22.225,21.971,6.273,6.681,17.442,17.75,26.166,26.072,11.853,11.536,30.643,31.124,17.592,17.029,14.372,14.148,12.442,12.089,12.651,12.79,21.541,21.657,20.999,21.294,32.143,31.618,23.848,23.094,23.305,22.372,18.383,18.919,13.65,13.216,15.01,14.655,14.798,14.657,17.162,17.216,15.534,15.137,14.948,13.543,10.115,9.572,7.112,29.788,29.686,19.449,19.269,13.69,13.361,13.99,13.363,13.731,13.804,23.696,24.023,8.51,9.33300000000001,30.459,31.75,31.978,31.55,26.803,5.882,5.482,15.2,15.235,33.26,34.011,14.007,14.283,11.884,12.079,21.501,21.44,21.45,29.464,14.054,20.378,20.134
"1985",35.164,34.536,32.573,31.842,28.267,28.321,16.357,16.666,22.666,22.627,15.796,15.693,14.757,14.815,10.493,10.5,12.554,12.013,23.938,23.314,26.925,26.55,12.074,11.748,24.79,23.536,20.486,20.487,13.034,13.028,48.52,49.383,16.665,16.307,8.185,7.856,13.94,13.771,26.411,26.41,11.05,30.354,30.722,32.377,32.579,21.906,21.592,16.069,15.73,21.987,10.46,10.331,17.511,17.363,18.472,19.393,12.24,11.741,22.013,22.307,16.401,16.417,12.924,12.827,15.004,14.515,31.338,30.86,40.253,40.345,42.722,23.978,24.554,36.203,37.316,19.412,19.513,22.136,21.841,6.237,6.678,17.378,17.698,26.073,25.934,11.818,11.471,30.402,30.933,17.562,16.969,14.329,14.12,12.412,12.06,12.634,12.783,21.473,21.599,20.923,21.234,31.953,31.421,23.754,22.916,23.223,22.252,18.093,18.673,13.636,13.208,14.976,14.614,14.775,14.653,17.133,17.177,15.483,15.005,14.896,13.515,10.113,9.537,7.103,28.998,28.965,19.367,19.186,13.656,13.291,13.923,13.25,13.715,13.792,23.614,23.961,8.496,9.33100000000001,30.18,31.51,31.927,31.459,26.708,5.865,5.444,15.19,15.199,33.021,33.818,13.963,14.251,11.837,12.042,21.416,21.36,21.387,29.29,14.008,20.183,19.921
"1984",35.046,34.362,32.319,31.597,28.116,28.163,16.257,16.591,22.479,22.378,15.744,15.63,14.666,14.735,10.435,10.424,12.482,11.913,23.757,23.13,26.765,26.401,12.034,11.657,24.62,23.311,20.391,20.365,12.957,12.967,48.128,49.031,16.572,16.174,8.147,7.824,13.87,13.664,26.194,26.172,10.963,30.2,30.602,32.151,32.325,21.755,21.39,15.956,15.61,21.86,10.374,10.278,17.359,17.185,18.247,19.2,12.182,11.6,21.81,22.128,16.295,16.309,12.83,12.705,14.912,14.368,31.142,30.577,40.052,40.153,42.499,23.789,24.371,35.925,37.085,19.278,19.425,22.011,21.67,6.195,6.666,17.252,17.589,25.858,25.697,11.772,11.384,30.014,30.714,17.506,16.876,14.249,14.07,12.368,12.002,12.587,12.763,21.331,21.435,20.789,21.12,31.683,31.116,23.625,22.712,23.098,22.061,17.858,18.448,13.592,13.098,14.89,14.51,14.711,14.607,NA,17.072,15.389,14.803,14.805,13.453,10.068,9.496,7.081,28.062,28.21,19.239,19.069,13.567,13.143,13.85,13.078,13.687,13.756,23.487,23.811,8.438,9.31600000000001,29.886,31.281,31.861,31.265,26.542,5.842,5.388,15.11,15.116,32.741,33.577,13.87,14.176,11.743,11.965,21.263,21.215,21.239,29.078,13.923,19.92,19.678
"1983",34.945,34.207,32.147,31.437,27.989,28.012,16.16,16.491,22.335,22.172,15.685,15.568,14.563,14.642,10.375,10.344,12.422,11.831,23.616,23.006,26.636,26.279,12.013,11.602,24.474,23.18,20.257,20.181,12.843,12.847,47.875,48.807,16.495,16.081,8.108,7.794,13.777,13.582,26.014,25.972,10.857,30.056,30.477,31.96,32.127,21.603,21.207,15.832,15.491,NA,10.271,10.211,17.217,17.027,18.02,18.984,12.076,11.501,21.682,21.979,16.214,16.219,12.728,12.568,14.798,14.176,30.985,30.319,39.849,39.911,42.245,23.629,24.205,35.672,36.872,19.163,19.307,21.875,21.515,6.148,6.655,17.111,17.477,25.608,25.433,11.726,11.292,29.766,30.558,17.434,16.786,14.172,14.018,12.311,11.897,12.52,12.727,21.144,21.279,20.666,21.042,31.505,30.899,23.515,22.548,22.962,21.821,17.688,18.29,13.528,12.978,14.783,14.376,14.594,14.518,NA,16.964,15.29,14.639,14.715,13.387,10.002,9.414,7.05899999999999,NA,27.602,19.102,18.958,13.479,12.997,13.778,12.916,13.657,13.726,23.362,23.62,8.337,9.30000000000001,29.592,31.04,31.775,31.095,26.382,5.801,5.293,15.024,15.041,32.548,33.434,13.777,14.1,11.641,11.867,21.097,21.057,21.082,28.923,13.84,19.754,19.519
"1982",34.776,33.961,31.942,31.251,27.786,27.767,15.987,16.329,22.113,21.874,15.567,15.467,14.421,14.507,10.301,10.287,12.344,11.706,23.441,22.859,26.425,26.068,11.949,11.455,24.207,22.815,20.018,19.87,12.717,12.703,47.534,48.516,16.385,15.936,8.029,7.751,13.675,13.476,25.755,25.711,10.697,29.887,30.356,31.772,31.936,21.375,20.95,15.712,15.356,NA,10.129,10.124,17.003,16.794,17.681,18.732,11.931,11.349,21.429,21.723,16.05,16.081,12.606,12.328,14.599,13.878,30.758,29.982,39.59,39.602,41.895,23.39,23.938,35.326,36.592,19.033,19.162,21.67,21.294,6.073,6.612,16.926,17.333,25.19,25.024,11.634,11.146,29.365,30.288,17.333,16.645,14.062,13.933,12.247,11.75,12.423,12.665,20.868,21.073,20.5,20.923,31.257,30.591,23.356,22.344,22.724,21.434,17.542,18.139,13.447,12.817,14.693,14.26,14.495,14.427,NA,16.833,15.099,14.421,14.525,13.284,9.886,9.288,7.01399999999999,NA,26.798,18.886,18.774,13.388,12.796,13.739,12.736,13.614,13.693,23.234,23.369,8.134,9.27500000000001,29.32,30.832,31.645,30.882,26.153,5.758,5.223,14.923,14.953,32.257,33.203,13.667,14.01,11.486,11.726,20.877,20.815,20.881,28.744,13.748,19.512,19.286
"1981",34.59,33.664,31.773,31.026,27.487,27.475,15.781,16.116,21.841,21.582,15.443,15.354,14.276,14.371,10.174,10.19,12.249,11.545,23.212,22.657,26.211,25.826,11.884,11.238,23.908,22.427,19.772,19.494,12.595,12.581,47.076,48.141,16.252,15.794,7.93,7.661,13.528,13.363,25.443,25.397,10.578,29.613,30.145,31.56,31.714,21.077,20.651,15.533,15.18,NA,9.968,10.018,16.812,16.552,17.355,18.439,11.819,11.113,21.162,21.457,15.865,15.925,12.479,12.11,14.428,13.602,30.414,29.501,39.263,39.212,41.484,23.12,23.617,34.968,36.34,18.915,18.99,21.403,21.025,5.974,6.557,16.691,17.169,24.629,24.546,11.509,10.98,28.907,30.031,17.191,16.432,13.929,13.812,12.184,11.639,12.32,12.583,20.591,20.846,20.291,20.666,31.007,30.263,23.165,22.109,22.439,21.053,17.362,17.95,13.351,12.599,14.541,14.137,14.337,14.276,NA,16.59,14.901,14.126,14.332,13.16,9.722,9.155,6.959,NA,26.219,18.652,18.532,13.299,12.557,13.708,12.604,13.525,13.652,23.084,23.214,7.884,9.23600000000001,28.986,30.54,31.451,30.543,25.774,5.672,5.095,14.825,14.851,31.933,32.946,13.531,13.889,11.332,11.604,20.633,20.585,20.655,28.475,13.635,19.221,19.026
"1980",34.453,33.432,31.655,30.864,27.148,27.178,15.598,15.944,21.627,21.333,15.362,15.26,14.126,14.244,10.044,10.085,12.145,11.386,22.976,22.454,26.034,25.622,11.838,11.067,23.661,22.097,19.556,19.215,12.47,12.426,46.662,47.836,16.122,15.662,7.862,7.583,13.386,13.232,25.183,25.174,10.461,29.37,29.959,31.389,31.518,20.8,20.392,15.388,15.007,NA,9.836,9.942,16.603,16.323,17.04,18.236,11.705,10.94,20.976,21.231,15.663,15.814,12.364,11.968,14.306,13.426,30.113,29.054,38.962,38.863,41.129,22.898,23.354,34.659,36.144,18.825,18.83,21.199,20.825,5.873,6.489,16.504,17.052,24.136,24.121,11.376,10.807,28.625,29.808,17.086,16.287,13.808,13.713,12.075,11.562,12.206,12.492,20.36,20.618,20.117,20.564,30.77,29.935,23.021,21.924,22.212,20.748,17.184,17.756,13.227,12.34,14.404,14.005,14.167,14.146,NA,16.33,14.763,13.863,14.193,12.985,9.546,9.062,6.907,NA,25.853,18.445,18.257,13.224,12.33,13.686,12.524,13.439,13.616,22.94,23.056,7.695,9.16900000000001,28.516,30.174,31.276,30.23,25.346,5.511,4.894,14.734,14.749,31.671,32.733,13.412,13.784,11.225,11.515,20.443,20.447,20.485,28.195,13.522,18.988,18.808
"1979",34.341,33.239,31.521,30.728,26.846,26.923,15.436,15.788,21.441,21.126,15.262,15.179,13.978,14.124,9.92200000000001,9.964,12.031,11.224,22.752,22.19,25.88,25.428,11.776,10.909,23.379,21.685,19.359,18.98,12.328,12.228,46.346,47.607,16.012,15.544,7.803,7.515,13.256,13.118,24.972,24.977,10.31,29.139,29.779,31.256,31.358,20.565,20.18,15.246,14.804,NA,9.701,9.817,16.379,16.093,16.749,18.121,11.557,10.79,20.769,21.013,15.417,15.703,12.235,11.805,14.206,13.258,29.859,28.71,38.718,38.587,40.847,22.73,23.123,34.397,35.949,18.746,18.655,21.038,20.625,5.785,6.426,16.325,16.938,NA,23.832,11.266,10.658,28.385,29.64,16.986,16.192,13.718,13.628,NA,11.436,12.114,12.41,20.169,20.424,19.984,20.421,30.588,29.672,22.882,21.764,22.02,20.505,17.064,17.622,13.111,12.123,14.329,13.909,14.069,14.068,NA,16.177,14.588,13.714,13.992,12.85,9.424,8.911,6.852,NA,NA,18.303,18.031,13.154,12.172,13.643,12.467,13.356,13.57,22.854,22.957,7.579,9.12700000000001,28.256,29.983,31.142,29.96,25.027,5.403,4.726,14.659,14.667,31.5,32.58,13.305,13.689,11.11,11.418,20.275,20.291,20.317,27.989,13.388,18.772,18.597
"1978",34.202,32.976,31.32,30.5,26.618,26.691,15.258,15.593,21.212,20.861,15.123,15.058,13.765,13.955,9.78300000000001,9.835,11.909,11.011,22.548,21.96,25.687,25.172,11.713,10.735,23.073,21.295,19.065,18.685,12.203,12.13,45.98,47.336,15.835,15.354,7.709,7.409,13.071,12.937,24.703,24.707,10.215,28.903,29.624,31.063,31.114,20.28,19.937,15.101,14.583,NA,9.512,9.65,16.121,15.841,16.416,18.051,11.445,10.594,20.533,20.735,15.221,15.575,12.107,11.595,14.053,13.063,29.586,28.307,38.402,38.164,40.47,22.536,22.829,34.094,35.724,18.668,18.491,20.835,20.407,5.681,6.344,16.091,16.77,NA,23.494,11.118,10.449,28.07,29.416,16.848,16.053,13.598,13.496,NA,11.347,11.954,12.279,19.941,20.166,19.821,20.289,30.348,29.349,22.68,21.506,21.758,20.144,16.916,17.465,12.965,11.869,14.234,13.785,13.949,13.956,NA,15.941,14.397,13.473,13.802,12.672,9.254,8.78,6.789,NA,NA,18.156,17.661,13.054,11.963,13.539,12.392,13.256,13.451,22.723,22.821,7.496,8.99500000000001,27.895,29.715,30.978,29.615,24.589,5.276,4.58,14.564,14.587,31.252,32.362,13.152,13.576,10.952,11.296,20.062,20.086,20.118,27.695,13.204,18.478,18.312
"1977",34.098,32.802,31.155,30.29,26.43,26.497,15.114,15.456,21.038,20.641,15.032,14.977,13.594,13.812,9.67800000000001,9.754,11.805,10.839,22.353,21.789,25.507,24.948,11.664,10.629,22.859,20.961,18.826,18.389,12.104,12.047,45.644,47.102,15.713,15.21,7.622,7.339,12.96,12.814,24.498,24.554,10.151,28.67,29.496,30.892,30.931,20.095,19.755,15.004,14.414,NA,9.394,9.545,15.908,15.623,16.081,18.006,11.358,10.419,20.37,20.514,15.063,15.489,12.016,11.486,13.932,12.91,29.358,27.982,38.137,37.824,40.135,22.337,22.547,33.83,35.51,18.599,18.369,20.695,20.219,5.556,6.246,15.86,16.615,NA,23.287,10.983,10.26,27.883,29.229,16.721,15.936,13.5,13.403,NA,11.302,11.782,12.144,19.708,19.934,19.709,20.161,30.109,29.079,22.504,21.259,21.568,19.872,16.805,17.325,12.826,11.739,14.146,13.682,13.849,13.872,NA,15.717,14.262,13.282,13.628,12.476,9.08600000000001,8.654,6.743,NA,NA,17.926,17.434,12.94,11.705,13.435,12.291,13.161,13.332,22.61,22.651,7.43,8.91900000000001,27.585,29.484,30.747,29.375,24.245,5.14,4.438,14.476,14.511,31.022,32.15,12.992,13.484,10.809,11.202,19.857,19.9,19.922,27.455,13.019,18.19,18.035
"1976",34.026,32.686,31.004,30.122,26.294,26.331,14.993,15.326,20.905,20.487,14.985,14.921,13.503,13.708,9.58200000000001,9.675,11.723,10.712,22.178,21.686,25.391,24.807,11.64,10.574,22.709,20.712,18.604,18.114,11.995,11.968,45.354,46.865,15.625,15.093,7.572,7.299,12.867,12.713,24.363,24.434,10.1,28.486,29.34,30.721,30.748,19.917,19.6,14.927,14.28,NA,9.291,9.429,15.752,15.431,15.795,17.787,11.262,10.269,20.267,20.351,14.907,15.412,11.95,11.4,13.85,12.775,29.133,27.672,37.88,37.535,39.877,22.19,22.343,33.645,35.351,18.551,18.279,20.607,20.092,5.477,6.186,15.689,16.493,NA,23.117,10.894,10.133,27.738,29.065,16.646,15.831,13.416,13.353,NA,11.264,11.644,12.055,19.562,19.76,19.61,20.037,29.937,28.872,22.405,21.122,21.42,19.736,16.746,17.23,12.721,11.613,14.059,13.598,13.764,13.792,NA,15.537,14.15,13.131,13.501,12.296,8.927,8.511,6.719,NA,NA,17.782,17.277,12.867,11.418,13.386,12.224,13.106,13.273,22.529,22.522,7.371,8.85800000000001,27.339,29.306,30.578,29.177,24,5.051,4.282,14.414,14.453,30.772,31.939,12.901,13.42,10.722,11.126,19.698,19.769,19.792,27.245,12.902,17.974,17.822
"1975",33.922,32.546,30.817,29.913,26.134,26.155,14.896,15.213,20.74,20.312,14.945,14.879,13.413,13.619,9.48000000000001,9.597,11.613,10.561,21.987,21.567,25.244,24.631,11.604,10.487,22.563,20.441,18.389,17.859,11.85,11.874,45.012,46.587,15.55,14.972,7.524,7.263,12.779,12.64,24.231,24.235,10.023,28.304,29.195,30.539,30.564,19.76,19.439,14.836,14.153,NA,9.194,9.277,15.608,15.289,15.623,17.584,11.096,10.122,20.133,20.197,14.748,15.333,11.872,11.296,13.758,12.644,28.922,27.411,37.639,37.268,39.627,22.006,22.103,33.464,35.174,18.44,18.173,20.518,19.992,5.415,6.141,15.538,16.381,NA,23.017,10.788,9.982,27.595,28.897,16.592,15.729,13.352,13.313,NA,11.25,11.55,11.993,19.404,19.612,19.512,19.841,29.784,28.636,22.3,20.985,21.295,19.559,16.672,17.142,12.63,11.489,13.986,13.498,13.673,13.733,NA,15.386,13.987,12.989,13.336,12.152,8.80800000000001,8.366,6.698,NA,NA,17.635,17.133,12.797,11.221,13.337,12.168,13.062,13.218,22.472,22.444,7.326,8.80700000000001,27.124,29.162,30.391,28.988,23.764,4.962,4.152,14.364,14.396,30.584,31.765,12.802,13.335,10.641,11.048,19.52,19.637,19.672,27.034,12.813,17.757,17.618
"1974",33.769,32.356,30.657,29.695,25.927,25.898,14.775,15.077,20.512,20.067,14.895,14.811,13.218,13.416,9.32000000000001,9.472,11.432,10.317,21.763,21.418,25.019,24.342,11.522,10.296,22.314,20.078,18.089,17.531,11.742,11.796,44.645,46.275,15.436,14.797,7.465,7.208,12.636,12.507,24.044,23.986,9.957,28.133,29.079,30.35,30.333,19.611,19.195,14.718,13.991,NA,8.982,9.077,15.384,15.072,15.384,17.326,10.993,9.929,19.934,19.984,14.579,15.261,11.779,11.169,13.632,12.436,28.533,26.962,37.34,36.888,39.277,21.753,21.777,33.165,34.928,18.21,17.957,20.346,19.819,5.31,6.072,15.312,16.176,NA,22.638,10.625,9.744,27.371,28.64,16.475,15.569,13.247,13.245,NA,11.243,11.412,11.902,19.178,19.394,19.365,19.733,29.495,28.214,22.091,20.771,21.102,19.283,16.602,17.061,12.539,11.353,13.896,13.394,13.545,13.649,NA,15.177,13.875,12.783,13.191,11.942,8.684,8.256,6.649,NA,NA,17.418,16.911,12.712,11.016,13.209,12.074,12.977,13.14,22.389,22.334,7.291,8.73900000000001,26.805,28.931,30.118,28.672,23.366,4.813,4.012,14.302,14.314,30.266,31.457,12.62,13.203,10.48,10.913,19.256,19.41,19.457,26.727,12.749,17.453,17.326
"1973",33.669,32.243,30.512,29.481,25.79,25.719,14.712,14.999,20.383,19.905,14.87,14.761,13.124,13.32,9.22500000000001,9.393,11.336,10.166,21.611,21.323,24.868,24.18,11.451,10.15,22.126,19.81,17.909,17.307,11.615,11.715,44.362,46.026,15.375,14.704,7.426,7.185,12.558,12.445,23.917,23.845,9.887,27.956,28.999,30.22,30.186,19.541,19.075,14.644,13.924,NA,8.833,8.9,15.209,14.895,15.184,17.117,10.904,9.81,19.779,19.775,14.441,15.215,11.677,11.042,13.549,12.323,28.25,26.633,37.08,36.608,38.985,21.62,21.603,32.972,34.764,18.067,17.804,20.249,19.742,5.259,6.022,15.159,15.982,NA,22.359,10.484,9.544,27.247,28.481,16.428,15.485,13.192,13.223,NA,11.215,11.316,11.874,19.039,19.25,19.276,19.595,29.348,28.033,22,20.667,21.013,19.14,16.578,17.029,12.505,11.289,13.843,13.335,13.429,13.562,NA,15.009,13.762,12.629,13.042,11.76,8.584,8.15,6.626,NA,NA,17.306,16.812,12.677,10.938,13.131,12.015,12.939,13.105,22.335,22.249,7.261,8.69000000000001,26.582,28.79,29.833,28.47,23.119,NA,NA,14.269,14.272,30.101,31.277,12.548,13.154,10.382,10.835,19.071,19.302,19.352,26.531,12.706,17.32,17.19
"1972",33.505,32.089,30.184,29.033,25.604,25.459,14.654,14.912,20.096,19.564,14.814,14.695,12.98,13.19,9.09400000000001,9.275,11.193,9.94,21.406,21.17,24.661,23.986,11.382,10.026,21.95,19.609,17.692,17.039,11.382,11.551,43.878,45.617,15.291,14.594,7.347,7.141,12.45,12.348,23.705,23.587,9.826,27.834,28.948,29.992,29.947,19.392,18.858,14.567,13.834,NA,8.639,8.699,15.067,14.727,14.939,16.89,10.783,9.676,19.633,19.547,14.343,15.163,11.584,10.946,13.45,12.179,27.948,26.237,36.757,36.343,38.672,21.389,21.276,32.733,34.565,17.936,17.671,20.108,19.645,5.187,5.972,14.938,15.711,NA,22.012,10.36,9.281,27.065,28.246,16.342,15.34,13.087,13.165,NA,11.167,11.203,11.82,18.874,19.102,19.162,19.427,29.071,27.767,21.835,20.466,20.878,18.945,16.532,16.958,12.419,11.174,13.77,13.262,13.3,13.442,NA,14.826,13.582,12.378,12.828,11.582,8.463,8.009,6.583,NA,NA,17.118,16.652,12.605,10.829,13.058,11.931,12.86,13.024,22.234,22.142,7.231,8.66600000000001,26.338,28.601,29.626,28.34,22.882,NA,NA,14.223,14.226,29.856,30.989,12.433,13.066,10.249,10.714,18.793,19.111,19.201,26.303,NA,17.069,16.947
"1971",33.315,31.917,29.911,28.734,25.42,25.183,14.562,14.752,19.9,19.285,14.693,14.516,12.825,13.042,8.93700000000001,9.122,11.039,9.741,21.156,20.988,24.419,23.787,11.301,9.88200000000001,21.722,19.402,17.419,16.804,11.194,11.425,43.485,45.278,15.165,14.459,7.226,7.036,12.335,12.21,23.529,23.345,9.764,27.702,28.903,29.777,29.726,19.14,18.578,14.378,13.583,NA,8.381,8.444,14.885,14.517,14.698,16.539,10.697,9.485,19.477,19.35,14.215,15.058,11.441,10.799,13.33,12.004,27.559,25.79,36.416,36.035,38.402,21.163,20.988,32.493,34.323,17.75,17.506,19.94,19.496,5.132,5.93,14.708,15.488,NA,21.626,10.254,9,26.863,28.007,16.226,15.242,12.982,13.063,NA,11.101,11.071,11.713,18.662,18.862,18.997,19.278,28.764,27.507,21.663,20.277,20.743,18.705,16.446,16.894,12.305,11.058,13.637,13.126,13.165,13.28,NA,14.605,13.441,12.096,NA,11.35,8.318,7.861,6.544,NA,NA,16.922,16.472,12.512,10.715,12.996,11.866,12.76,12.925,22.069,21.975,7.208,8.63500000000001,26.051,28.333,29.357,28.147,22.644,NA,NA,14.176,14.16,29.611,30.739,12.278,12.947,10.107,10.552,18.543,18.929,19.022,26.038,NA,16.818,16.731
"1970",33.152,31.757,29.683,28.54,25.274,24.983,14.479,14.594,19.758,19.097,14.611,14.391,12.718,12.936,8.81600000000001,9.009,10.925,9.585,20.965,20.853,24.25,23.659,11.263,9.813,21.561,19.255,17.238,16.635,11,11.322,43.195,45.006,15.081,14.364,7.178,6.991,12.268,12.128,23.364,23.171,9.549,27.613,28.875,29.574,29.544,18.99,18.384,14.263,13.418,NA,8.193,8.246,14.704,14.345,14.47,16.233,10.602,9.342,19.349,19.198,14.082,14.996,11.335,10.7,13.241,11.891,27.272,25.484,36.188,35.848,38.161,20.978,20.79,32.313,34.142,17.589,17.366,19.833,19.405,5.104,5.907,14.531,15.302,NA,21.334,10.187,8.826,26.689,27.828,16.163,15.179,12.912,12.975,NA,11.035,10.97,11.646,18.498,18.686,18.864,19.034,28.54,27.312,21.536,20.139,20.632,18.544,16.373,16.844,12.22,10.972,13.518,13.03,13.058,13.144,NA,14.439,13.261,11.896,NA,11.174,8.19600000000001,7.678,6.498,NA,NA,16.826,16.37,12.456,10.638,12.961,NA,12.689,12.862,21.931,21.871,7.183,8.59900000000001,25.832,28.152,29.093,27.971,22.423,NA,NA,14.137,14.109,29.428,30.536,12.164,12.856,9.98100000000001,10.431,18.376,18.799,18.891,25.862,NA,16.663,16.599
"1969",32.874,31.47,29.231,28.025,25.081,24.647,14.31,14.431,19.453,18.726,14.415,14.181,12.541,12.755,8.55400000000001,8.813,10.722,9.336,20.724,20.652,23.906,23.397,11.178,9.693,21.283,18.971,16.874,16.312,10.808,11.177,42.771,44.568,14.884,14.149,7.083,6.879,12.156,11.964,23.023,22.805,9.286,27.451,28.771,29.216,29.174,18.715,18.024,14.042,13.113,NA,7.879,7.943,14.479,14.131,14.095,15.886,10.469,9.225,19.071,18.921,13.973,14.93,11.229,10.585,13.126,11.732,26.783,24.988,35.89,35.564,37.794,20.676,20.404,31.948,33.883,17.365,17.174,19.643,19.266,5.032,5.855,14.278,15.154,NA,20.83,10.07,8.591,26.452,27.492,16.084,15.093,12.86,12.871,NA,10.974,10.886,11.585,18.321,18.491,18.652,18.79,28.209,27.002,21.348,19.993,20.493,18.386,16.296,16.792,12.125,10.876,13.395,12.906,12.918,12.978,NA,14.216,13.102,11.568,NA,10.977,8.062,7.456,6.419,NA,NA,16.681,16.228,12.355,10.521,12.923,NA,12.569,12.748,21.747,21.761,7.142,8.55700000000001,25.571,27.922,28.822,27.728,22.13,NA,NA,14.097,14.067,29.111,30.202,12.011,12.748,9.81200000000001,10.228,18.117,18.572,18.696,25.501,NA,16.45,16.401
"1968",32.627,31.182,28.763,27.457,24.857,24.275,14.065,14.205,19.135,18.388,14.203,13.96,12.407,12.591,8.32900000000001,8.605,10.49,9.093,20.489,20.477,23.566,23.143,11.085,9.56700000000001,21.041,18.689,16.516,16.031,10.641,10.936,42.256,44.039,14.68,13.928,6.96,6.71,12.038,11.791,22.641,22.423,9.078,27.263,28.651,28.875,28.824,18.421,17.636,13.845,12.811,NA,7.541,NA,14.244,13.903,13.801,15.645,10.308,9.04,18.763,18.658,13.867,14.867,11.109,10.454,13.03,11.621,26.273,24.5,35.604,35.245,37.409,20.323,20.016,31.567,33.593,17.167,16.991,19.433,19.109,4.932,5.804,13.944,15.001,NA,20.35,9.914,8.29500000000001,26.193,27.181,15.984,15.019,12.81,12.792,NA,10.924,10.825,11.534,18.166,18.294,18.442,18.547,27.848,26.661,21.169,19.797,20.337,18.195,16.202,16.722,12.022,10.786,13.264,12.785,12.771,12.793,NA,13.985,NA,11.237,NA,10.757,7.921,7.244,6.318,NA,NA,16.513,16.062,12.258,10.39,12.887,NA,12.449,12.655,21.577,21.677,7.116,8.52000000000001,25.279,27.661,28.563,27.529,21.922,NA,NA,14.054,14.015,28.779,29.858,11.799,12.621,9.63900000000001,9.993,17.814,18.329,18.508,25.145,NA,16.232,16.192
"1967",32.409,30.963,28.31,26.997,24.666,23.966,13.864,14.033,18.939,18.12,14.066,13.81,12.293,12.444,8.13200000000001,8.459,10.302,8.927,20.289,20.346,23.254,22.893,11.005,9.46000000000001,20.811,18.456,16.226,15.817,10.441,10.722,41.867,43.66,14.542,13.752,6.845,6.559,11.937,11.63,22.421,22.163,8.91400000000001,27.005,28.464,28.591,28.541,18.211,17.351,13.716,12.548,NA,NA,NA,14.034,13.709,NA,15.479,10.143,8.69,18.548,18.448,13.791,14.819,10.998,10.365,12.881,11.479,25.842,24.04,35.406,34.982,37.031,20.075,19.717,31.255,33.34,17.004,16.859,19.28,18.988,4.855,5.759,13.651,14.801,NA,19.957,9.744,8.056,26.005,26.963,15.895,14.962,12.773,12.732,NA,10.89,10.761,11.475,18.018,18.111,18.289,18.375,27.481,26.372,21.048,19.663,20.215,18.034,16.123,16.647,11.939,10.708,13.159,12.663,12.602,12.588,NA,13.8,NA,10.875,NA,10.552,7.796,7.049,6.219,NA,NA,16.283,15.902,12.184,10.282,12.86,NA,12.36,12.588,21.497,21.618,7.099,8.49000000000001,25.084,27.478,28.331,27.369,21.748,NA,NA,14,13.954,28.535,29.556,11.616,12.5,9.50700000000001,9.83,17.525,18.137,18.354,24.759,NA,16.045,16.015
"1966",32.219,30.785,27.978,26.686,24.501,23.724,13.683,13.849,18.781,17.928,13.961,13.667,12.205,12.335,7.96800000000001,8.327,10.164,8.8,20.136,20.221,23.032,22.709,10.938,9.39300000000001,20.624,18.276,15.977,15.632,10.267,10.559,41.534,43.365,14.455,13.613,6.753,6.44,11.866,11.522,22.243,22.001,8.67300000000001,26.789,28.255,28.365,28.335,18.047,17.17,13.613,12.341,NA,NA,NA,13.88,13.555,NA,15.254,9.981,8.284,18.398,18.312,13.72,14.78,10.914,10.303,12.754,11.355,25.465,23.657,35.288,34.807,36.771,19.871,19.513,31.035,33.153,16.84,16.729,19.156,18.885,4.797,5.724,13.399,14.628,NA,19.649,9.571,7.831,25.862,26.828,15.822,14.907,12.743,12.684,NA,10.865,10.709,11.421,17.955,18.024,18.174,18.244,27.243,26.166,20.955,19.557,20.1,17.909,16.014,16.568,11.865,NA,13.061,12.567,12.491,12.43,NA,NA,NA,10.687,NA,10.389,7.682,6.907,6.081,NA,NA,16.113,15.784,12.135,10.211,12.839,NA,12.29,12.531,21.446,21.569,7.081,8.46300000000001,24.893,27.294,28.172,27.249,21.638,NA,NA,13.96,13.913,28.291,29.311,11.449,12.392,9.38200000000001,9.693,17.279,18.019,18.245,24.481,NA,15.905,15.878
"1965",32.023,30.602,27.695,26.269,24.314,23.471,13.501,13.647,18.577,17.695,13.83,13.493,12.112,12.192,7.78200000000001,8.15,9.975,8.648,19.95,20.108,22.722,22.49,10.83,9.28800000000001,20.425,18.095,15.674,15.399,10.049,10.32,41.18,43.041,14.296,13.425,6.642,6.291,11.782,11.395,22.038,21.777,8.44900000000001,26.626,28.043,28.059,28.053,17.833,16.882,13.478,12.069,NA,NA,NA,13.718,13.413,NA,14.967,9.817,7.814,18.154,18.069,13.661,14.737,10.815,10.225,12.587,11.193,25.084,23.243,35.166,34.66,36.52,19.63,19.27,30.77,32.954,16.682,16.603,19.019,18.76,4.758,5.699,13.079,14.419,NA,19.244,9.352,7.623,25.685,26.629,15.76,14.87,12.71,12.619,NA,10.843,10.647,11.359,17.897,17.959,18.038,18.072,26.917,25.921,20.874,19.456,19.937,17.727,15.906,16.456,11.773,NA,12.951,12.466,12.424,12.319,NA,NA,NA,10.453,NA,10.244,7.58700000000001,6.777,5.919,NA,NA,15.962,15.636,12.074,10.149,12.825,NA,12.219,12.461,21.395,21.503,7.063,8.43900000000001,24.732,27.11,27.991,27.164,21.544,NA,NA,13.91,13.87,28.037,29.062,11.302,12.271,9.23600000000001,9.516,17.026,17.873,18.079,24.205,NA,15.698,15.661
"1964",31.905,30.484,27.568,25.999,24.156,23.235,13.283,13.386,18.43,17.521,13.734,13.37,12.027,12.059,7.59100000000001,7.959,9.811,8.451,19.799,20.014,22.444,22.279,10.722,9.19400000000001,20.178,17.864,15.336,15.176,9.928,10.224,40.897,42.782,14.086,13.252,6.511,6.10300000000001,11.695,11.285,21.86,21.558,8.293,26.358,27.76,27.85,27.86,17.6,16.622,13.342,11.82,NA,NA,NA,13.544,13.238,NA,14.793,9.749,7.649,17.959,17.903,13.62,14.69,10.709,10.118,12.416,11.036,24.782,22.867,35.097,34.587,36.285,19.419,19.053,30.523,32.797,16.575,16.503,18.888,18.647,4.71,5.668,12.814,14.297,NA,NA,9.142,7.472,25.525,26.458,15.69,14.784,12.678,12.566,NA,10.811,10.576,11.28,17.818,17.875,17.905,17.9,26.644,25.728,20.805,19.372,19.825,17.581,15.791,16.349,11.695,NA,12.84,12.353,12.347,12.147,NA,NA,NA,10.257,NA,10.098,7.49200000000001,6.674,5.847,NA,NA,15.807,15.458,12.012,10.087,12.809,NA,12.181,12.379,21.329,21.437,7.052,8.40500000000001,24.589,26.948,27.816,27.058,21.42,NA,NA,13.859,13.825,27.85,28.899,11.142,12.127,9.09400000000001,9.337,16.745,17.745,17.896,23.963,NA,15.499,15.447
"1963",31.826,30.425,27.498,25.828,24.077,23.14,13.193,13.285,18.352,17.399,13.67,13.297,11.982,11.998,7.49700000000001,7.878,9.729,8.349,19.739,19.956,22.294,22.155,10.666,9.14000000000001,20.081,17.757,15.144,15.032,9.803,10.125,40.66,42.571,14.002,13.151,6.454,6.00300000000001,11.646,11.205,21.739,21.425,8.18900000000001,26.204,27.534,27.683,27.674,17.437,16.411,13.271,11.693,NA,NA,NA,13.448,13.137,NA,14.658,9.684,7.587,17.863,17.817,13.6,14.669,10.658,10.06,12.353,10.976,24.587,22.685,35.047,34.542,36.099,19.25,18.889,30.404,32.713,16.521,16.447,18.836,18.561,4.678,5.642,12.597,14.183,NA,NA,8.989,7.36100000000001,25.456,26.374,15.666,14.756,12.673,12.552,NA,10.801,10.548,11.258,17.791,17.85,17.852,17.828,26.46,25.624,20.761,19.333,19.792,17.536,15.744,16.299,11.664,NA,12.785,12.27,12.318,12.077,NA,NA,NA,10.15,NA,10.031,7.41500000000001,6.618,5.831,NA,NA,15.735,15.371,11.979,10.06,12.794,NA,12.161,12.336,21.299,21.417,7.041,8.39200000000001,24.509,26.846,27.693,26.991,21.326,NA,NA,13.832,13.801,27.759,28.818,10.989,12.013,9.02400000000001,9.256,16.581,17.691,17.79,23.84,NA,15.366,15.304
"1962",31.779,30.384,27.433,25.68,23.992,23.034,13.102,13.176,18.304,17.312,13.625,13.233,11.948,11.954,7.43200000000001,7.811,9.657,8.26,19.677,19.909,22.162,22.048,10.611,9.09000000000001,19.965,17.668,14.992,14.872,9.665,9.993,40.517,42.43,13.948,13.085,6.411,5.93700000000001,11.605,11.141,21.659,21.33,8.04500000000001,26.098,27.369,27.578,27.543,17.308,16.27,13.232,11.616,NA,NA,NA,13.349,13.023,NA,14.454,9.545,7.53,17.797,17.758,13.581,14.648,10.609,10.02,12.299,10.923,24.438,22.551,35.046,34.539,35.989,19.117,18.739,30.323,32.662,16.475,16.401,18.795,18.505,4.647,5.614,12.422,14.087,NA,NA,8.927,7.28700000000001,25.363,26.304,15.642,14.729,12.667,12.541,NA,10.794,10.508,11.223,17.762,17.819,17.812,17.779,26.36,25.562,20.745,19.312,19.748,17.486,15.696,16.238,11.629,NA,12.719,12.218,12.287,12.023,NA,NA,NA,10.119,NA,9.964,7.366,6.497,5.821,NA,NA,15.664,15.289,11.945,10.048,12.783,NA,12.16,12.317,21.261,21.377,7.028,8.38000000000001,24.456,26.773,27.601,26.963,21.283,NA,NA,13.816,13.79,27.697,28.771,10.912,11.947,8.95900000000001,9.189,16.448,17.652,17.71,23.794,NA,15.29,15.222
"1961",31.688,30.304,27.384,25.462,23.826,22.811,12.987,12.939,18.218,17.188,13.548,13.135,11.873,11.844,7.33000000000001,7.716,9.544,8.102,19.557,19.821,21.95,22.017,10.483,8.973,19.769,17.485,14.604,14.678,9.528,9.868,40.296,42.147,13.858,12.981,6.348,5.82200000000001,11.542,11.041,21.527,21.167,7.90400000000001,25.98,27.187,27.421,27.38,17.129,16.08,13.158,11.493,NA,NA,NA,13.205,12.851,NA,14.248,9.393,7.372,17.648,17.598,13.542,14.595,10.524,9.937,12.215,10.839,24.112,22.181,35.044,34.527,35.861,18.942,18.556,30.152,32.557,16.358,16.301,18.737,18.424,4.617,5.595,NA,13.984,NA,NA,8.878,7.22400000000001,25.157,26.139,15.588,14.661,12.634,12.487,NA,10.76,10.423,11.122,17.683,17.734,17.741,17.645,26.152,25.462,20.695,19.256,19.65,17.369,15.633,16.15,11.539,NA,12.643,12.156,12.211,11.926,NA,NA,NA,10.027,NA,9.858,7.28,6.453,5.755,NA,NA,15.515,15.134,11.858,9.99099999999999,12.76,NA,12.142,12.29,21.208,21.285,7.019,8.36100000000001,24.34,26.624,27.442,26.903,21.202,NA,NA,13.784,13.768,27.553,28.624,10.789,11.847,8.86300000000001,9.036,16.221,17.561,17.546,23.685,NA,15.16,15.09
"1960",31.576,30.217,27.311,25.252,23.692,22.627,12.94,12.786,18.1,17.054,13.471,13.051,11.793,11.74,7.23200000000001,7.625,9.415,7.959,19.428,19.731,21.768,21.87,10.356,8.825,19.58,17.299,14.034,14.572,9.414,9.776,40.114,41.96,13.765,12.891,6.262,5.70000000000001,11.483,10.943,21.417,21.028,7.75600000000001,25.841,27.025,27.306,27.218,16.927,15.86,13.081,11.345,NA,NA,NA,13.077,12.697,NA,14.076,9.282,7.187,17.514,17.444,13.501,14.55,10.46,9.88200000000001,12.14,10.755,23.848,21.906,35.006,34.481,35.685,18.803,18.396,29.994,32.433,16.268,16.223,18.662,18.333,4.577,5.581,NA,13.892,NA,NA,8.818,7.15700000000001,24.952,25.944,15.54,14.595,12.602,12.437,NA,10.724,10.338,11.013,17.583,17.649,17.684,17.542,26.009,25.37,20.649,19.182,19.532,17.234,15.567,16.067,11.47,NA,12.557,12.059,12.117,11.802,NA,NA,NA,9.917,NA,9.778,7.233,6.348,5.678,NA,NA,15.392,15.011,11.788,9.94199999999999,12.752,NA,12.122,12.236,21.145,21.127,7.017,8.35100000000001,24.215,26.49,27.292,26.833,21.1,NA,NA,13.747,13.734,27.434,28.507,10.656,11.743,8.74700000000001,8.842,16.006,17.458,17.388,23.573,NA,15.012,14.948
"1959",31.483,30.132,27.221,25.032,23.578,22.482,NA,12.636,17.977,16.92,13.343,12.928,11.693,11.629,7.13900000000001,7.526,9.26600000000001,7.785,19.273,19.639,21.604,21.736,10.241,8.74700000000001,19.423,17.135,13.87,14.416,9.239,9.597,39.886,41.747,13.662,12.811,6.212,5.60000000000001,11.415,10.857,21.274,20.871,7.59200000000001,25.684,26.821,27.174,27.014,16.756,15.675,13.003,11.192,NA,NA,NA,12.927,12.539,NA,13.889,9.169,7.066,17.378,17.309,13.463,14.52,10.384,9.816,12.061,10.683,23.565,21.593,34.983,34.463,35.565,18.667,18.26,29.812,32.295,16.182,16.151,18.567,18.223,4.545,5.558,NA,13.796,NA,NA,8.753,7.08600000000001,24.789,25.773,15.487,14.52,12.557,12.372,NA,10.679,10.23,10.889,17.487,17.584,17.624,17.45,25.899,25.295,20.594,19.119,19.446,17.117,15.525,16.009,11.404,NA,12.462,11.961,12.051,11.696,NA,NA,NA,9.837,NA,9.698,7.14000000000001,6.058,5.65,NA,NA,15.282,14.903,11.736,9.89499999999999,12.743,NA,NA,NA,21.104,21.022,7.014,8.33500000000001,24.091,26.354,27.119,26.729,20.955,NA,NA,13.718,13.702,27.332,28.387,10.561,11.679,8.64100000000001,8.712,15.821,17.36,17.253,23.489,NA,14.902,14.839
"1958",31.348,30.02,27.124,24.657,23.386,22.247,NA,12.415,17.846,16.716,13.202,12.818,11.596,11.521,6.98800000000001,7.378,9.09800000000001,7.589,19.104,19.505,21.399,21.633,10.127,8.66700000000001,19.271,16.963,13.612,14.163,9.16,9.512,39.565,41.472,13.53,12.714,6.122,5.49100000000001,11.31,10.73,21.123,20.662,7.48000000000001,25.48,26.599,26.987,26.81,16.546,15.456,12.914,11.05,NA,NA,NA,12.755,12.368,NA,NA,9.102,6.938,17.193,17.14,13.401,14.473,10.292,9.74400000000001,11.962,10.604,23.3,21.242,34.924,34.398,35.378,18.484,18.077,29.591,32.131,16.107,16.078,18.442,18.095,4.513,5.533,NA,13.698,NA,NA,8.686,7.01000000000001,24.662,25.578,15.435,14.453,12.505,12.305,NA,10.613,10.083,10.778,17.389,17.501,17.526,17.331,25.785,25.2,20.532,19.055,19.376,17.026,15.487,15.961,11.343,NA,12.362,11.868,11.96,11.584,NA,NA,NA,9.747,NA,9.596,7.02,5.954,5.618,NA,NA,15.183,14.772,11.692,9.83799999999999,12.72,NA,NA,NA,21.057,20.894,6.95,8.31100000000001,23.979,26.215,26.931,26.617,20.8,NA,NA,13.692,13.661,27.207,28.275,10.427,11.596,8.51700000000001,8.559,15.621,17.234,17.105,23.41,NA,14.78,14.713
"1957",31.285,29.974,27.069,24.461,23.318,22.108,NA,12.306,17.791,16.632,13.127,12.768,11.537,11.454,6.92900000000001,7.293,8.99400000000001,7.463,19.018,19.431,21.282,21.5,10.072,8.62500000000001,19.179,16.873,13.411,13.965,9.053,9.401,39.438,41.34,13.449,12.645,6.07,5.40400000000001,11.229,10.619,21.053,20.539,7.41100000000001,25.279,26.404,26.886,26.72,16.397,15.313,12.871,NA,NA,NA,NA,12.668,12.28,NA,NA,9.055,6.855,17.075,17.05,13.37,14.447,10.248,9.7,11.908,10.567,23.121,21.012,34.891,34.365,35.29,18.391,17.972,29.496,32.057,16.064,16.043,18.383,18.036,4.493,5.522,NA,13.623,NA,NA,8.654,6.97500000000001,24.586,25.486,15.411,14.425,12.472,12.259,NA,10.579,10.022,10.737,17.346,17.471,17.483,17.286,25.735,25.157,20.498,19.022,19.341,16.97,15.471,15.937,11.314,NA,12.312,11.814,11.921,11.528,NA,NA,NA,9.69,NA,9.512,6.983,5.914,5.606,NA,NA,15.131,14.712,11.67,9.80999999999999,12.701,NA,NA,NA,21.033,20.847,6.88,8.30400000000001,23.927,26.157,26.806,26.575,20.732,NA,NA,13.678,13.642,27.159,28.232,10.343,11.535,8.44200000000001,8.429,15.504,17.183,17.041,23.372,NA,14.704,14.632
"1956",31.244,29.932,27.008,24.304,23.27,22.018,NA,12.196,17.755,16.566,13.079,12.725,11.505,11.399,6.86900000000001,7.23,8.91600000000001,7.381,18.949,19.382,21.199,21.431,10.034,8.59200000000001,19.088,16.793,13.207,13.799,8.973,9.287,39.34,41.244,13.38,12.604,6.01800000000001,5.34400000000001,11.176,10.553,21.007,20.461,7.33400000000001,25.131,26.262,26.796,26.644,16.297,15.192,12.84,NA,NA,NA,NA,12.59,12.21,NA,NA,9.02,6.806,17.002,16.983,13.365,14.429,10.205,9.66400000000001,11.86,10.541,22.995,20.809,34.876,34.352,35.228,18.325,17.908,29.44,32.018,16.026,16.012,18.332,17.99,4.469,5.508,NA,13.543,NA,NA,8.631,6.95600000000001,24.537,25.415,15.392,14.405,12.46,12.228,NA,10.56,9.96600000000001,10.693,17.313,17.443,NA,17.254,25.685,25.125,20.469,18.993,19.311,16.923,15.445,15.903,11.306,NA,12.271,11.78,11.893,11.481,NA,NA,NA,9.647,NA,9.462,NA,NA,5.593,NA,NA,15.094,14.672,11.658,9.80099999999999,12.684,NA,NA,NA,21.01,20.803,6.835,8.29700000000001,23.885,26.109,26.687,26.536,20.666,NA,NA,13.675,13.633,27.122,28.2,10.278,11.479,8.37500000000001,8.357,15.41,17.148,17.004,23.352,NA,14.625,14.551
"1955",31.073,29.842,26.89,24.133,23.177,21.876,NA,12.093,17.699,16.469,13.018,12.66,11.449,11.331,6.81600000000001,7.188,8.83700000000001,7.283,18.85,19.312,21.061,21.388,9.99,8.55700000000001,18.959,16.682,13.041,13.674,8.881,9.16,39.179,41.093,13.305,12.547,5.97900000000001,5.31000000000001,11.122,10.497,20.953,20.372,7.28600000000001,25.003,26.136,26.675,26.57,16.217,15.108,12.784,NA,NA,NA,NA,12.52,12.14,NA,NA,8.972,6.76,16.928,16.92,13.332,14.402,10.127,9.60900000000001,11.789,10.501,22.888,20.668,34.809,34.306,35.141,18.256,17.83,29.327,31.941,15.961,15.958,18.232,17.911,4.437,5.485,NA,13.425,NA,NA,8.601,6.93000000000001,24.426,25.288,15.331,14.33,12.44,12.167,NA,10.521,9.88700000000001,10.625,17.206,17.35,NA,17.171,25.6,25.052,20.403,18.927,19.243,16.806,15.415,15.856,11.289,NA,12.173,11.711,11.838,11.396,NA,NA,NA,9.57,NA,NA,NA,NA,5.534,NA,NA,15.022,14.599,11.635,9.77899999999999,NA,NA,NA,NA,20.981,20.757,6.786,8.28300000000001,23.825,26.054,26.527,26.439,20.525,NA,NA,13.656,13.61,27.03,28.109,10.176,11.433,8.31100000000001,8.26,15.331,17.051,16.9,23.297,NA,14.535,14.457
"1954",30.935,29.768,26.759,23.993,23.067,21.671,NA,11.973,17.608,16.333,12.919,12.596,11.366,11.253,6.74900000000001,7.127,8.74200000000001,7.148,18.725,19.218,20.911,21.301,9.935,8.51700000000001,18.824,16.554,12.855,13.54,8.79,9.054,38.954,40.918,13.212,12.491,5.94000000000001,5.27500000000001,11.061,10.416,20.88,20.241,7.24900000000001,24.848,25.951,26.535,26.486,16.139,15.023,12.735,NA,NA,NA,NA,12.443,12.046,NA,NA,8.936,6.705,16.853,16.856,13.266,14.343,10.033,9.533,11.71,10.44,22.785,20.539,34.728,34.233,35.048,18.144,17.727,29.196,31.819,15.879,15.898,18.129,17.796,4.395,5.449,NA,13.333,NA,NA,8.544,6.87200000000001,24.329,25.167,15.264,14.251,12.414,12.114,NA,10.487,9.80900000000001,10.562,17.098,17.252,NA,17.086,25.524,24.979,20.324,18.835,19.159,16.688,15.381,15.791,11.274,NA,12.095,11.649,11.791,11.327,NA,NA,NA,9.466,NA,NA,NA,NA,5.483,NA,NA,14.935,14.486,11.599,9.74499999999999,NA,NA,NA,NA,20.944,20.715,6.752,8.26600000000001,23.767,26,26.359,26.32,20.387,NA,NA,13.635,13.578,26.929,28.013,10.081,11.368,8.24800000000001,8.21,15.242,16.962,16.792,23.222,NA,14.448,14.37
"1953",30.791,29.662,26.606,23.817,22.975,21.532,NA,11.885,17.552,16.238,12.851,12.544,11.293,11.167,6.70800000000001,7.088,8.67100000000001,7.055,18.567,19.133,20.78,21.18,9.827,8.43900000000001,18.644,16.411,12.631,NA,8.702,8.941,38.74,40.744,13.161,12.464,5.90200000000001,5.24600000000001,11.017,10.367,20.79,NA,7.19400000000001,24.728,25.825,26.406,26.39,16.064,14.944,12.697,NA,NA,NA,NA,12.389,11.944,NA,NA,NA,6.657,16.778,16.778,13.2,14.289,9.973,9.483,11.677,10.401,22.711,20.427,34.679,34.177,34.981,18.048,17.639,29.117,31.734,15.777,15.823,18.046,17.7,4.353,5.411,NA,NA,NA,NA,8.483,6.80300000000001,24.222,25.058,15.224,14.182,12.392,12.05,NA,10.448,9.74600000000001,10.505,16.989,17.17,NA,17.028,25.44,24.908,20.251,18.741,19.061,16.579,15.356,15.736,11.264,NA,12.042,11.609,11.756,11.281,NA,NA,NA,9.365,NA,NA,NA,NA,5.456,NA,NA,14.82,14.368,11.537,9.71499999999999,NA,NA,NA,NA,20.914,20.656,6.663,8.24500000000001,23.716,25.957,26.197,26.232,20.253,NA,NA,13.629,13.553,26.834,27.943,9.991,11.308,8.18600000000001,8.162,15.119,16.87,16.704,23.142,NA,14.358,14.281
"1952",30.563,29.493,26.36,23.489,22.748,21.304,NA,11.731,17.429,16.058,12.731,12.398,11.172,11.02,NA,7.004,8.55400000000001,6.901,18.381,19.013,20.578,21.087,9.633,8.29000000000001,18.371,16.224,12.396,NA,NA,8.762,38.502,40.512,13.045,12.386,5.85600000000001,5.20100000000001,10.944,10.275,20.622,NA,7.11200000000001,24.511,25.611,26.232,26.248,15.936,14.784,12.622,NA,NA,NA,NA,12.295,11.813,NA,NA,NA,6.59,16.615,16.667,13.057,14.184,9.867,9.386,11.599,10.314,22.521,20.21,34.542,34.039,34.84,17.853,17.459,28.932,31.54,15.646,15.685,17.911,17.537,4.308,5.374,NA,NA,NA,NA,8.422,6.74500000000001,24.058,24.872,15.152,14.063,12.331,11.953,NA,10.36,9.62600000000001,10.393,16.836,17.038,NA,16.921,25.293,24.77,20.156,18.613,18.946,16.423,15.287,15.657,11.216,NA,11.974,11.534,11.682,11.204,NA,NA,NA,9.154,NA,NA,NA,NA,5.386,NA,NA,14.632,14.206,11.409,9.65099999999999,NA,NA,NA,NA,20.866,20.556,6.503,8.18700000000001,23.58,25.859,25.936,26.105,20.078,NA,NA,13.596,13.488,26.685,27.782,9.85600000000001,11.203,8.08500000000001,8.061,14.978,16.714,16.569,22.972,NA,14.229,14.153
"1951",30.367,29.338,26.137,23.221,22.543,21.082,NA,11.56,17.316,15.876,12.605,12.28,11.038,10.856,NA,6.857,8.42500000000001,6.712,18.205,18.912,20.356,20.927,9.365,8.09900000000001,18.117,15.999,12.21,NA,NA,8.631,38.228,40.293,12.895,12.3,5.78800000000001,5.12400000000001,10.874,10.171,20.474,NA,7.05900000000001,24.315,25.446,26.046,26.117,15.781,14.588,12.483,NA,NA,NA,NA,12.157,11.688,NA,NA,NA,6.474,16.354,16.474,12.915,14.071,9.753,9.27300000000001,11.53,10.22,22.308,19.946,34.375,33.908,34.634,17.656,17.228,28.726,31.34,15.502,15.54,17.8,17.412,4.245,5.319,NA,NA,NA,NA,8.294,6.63600000000001,23.893,24.681,15.069,13.945,12.237,11.808,NA,10.261,9.47500000000001,10.297,16.658,16.898,NA,16.8,25.148,24.622,20.052,18.457,18.823,16.265,15.216,15.572,11.126,NA,11.894,11.445,11.593,11.086,NA,NA,NA,8.949,NA,NA,NA,NA,5.299,NA,NA,14.43,14.057,11.2,9.53899999999999,NA,NA,NA,NA,20.815,20.419,6.385,8.13800000000001,23.424,25.732,25.645,25.957,19.85,NA,NA,13.556,13.413,26.518,27.611,9.70800000000001,11.074,7.96100000000001,7.919,14.797,16.543,16.438,22.766,NA,14.067,13.999
"1950",30.221,29.196,26.016,23.112,22.392,20.957,NA,11.422,17.267,15.8,12.529,12.191,10.966,10.765,NA,6.764,8.33400000000001,6.593,18.071,18.834,20.192,20.768,9.187,7.95900000000001,17.967,15.88,NA,NA,NA,8.455,38.006,40.129,12.827,12.251,NA,NA,10.825,10.108,20.402,NA,7.01600000000001,24.138,25.278,25.949,26.035,15.709,14.501,12.42,NA,NA,NA,NA,12.068,11.604,NA,NA,NA,NA,16.17,16.348,12.812,13.998,9.69,9.21400000000001,11.483,10.155,22.193,19.785,34.311,33.853,34.525,17.523,17.077,28.57,31.218,15.397,15.433,17.718,17.316,4.179,5.266,NA,NA,NA,NA,8.115,6.47600000000001,23.784,24.562,15.008,13.882,12.192,11.731,NA,10.202,9.37100000000001,10.252,16.535,16.793,NA,16.727,25.036,24.506,19.982,18.36,18.757,16.207,15.166,15.5,11.03,NA,11.786,11.35,11.526,10.985,NA,NA,NA,8.813,NA,NA,NA,NA,5.23,NA,NA,14.331,13.983,11.098,9.47999999999999,NA,NA,NA,NA,20.785,20.335,6.262,8.08600000000001,23.324,25.638,25.441,25.851,19.69,NA,NA,13.518,13.362,26.39,27.488,9.62500000000001,10.991,7.90000000000001,7.858,14.662,16.428,16.345,22.622,NA,13.961,13.884
"1949",30.028,29.024,25.814,22.96,22.173,20.74,NA,NA,17.195,15.704,12.426,12.103,10.873,10.672,NA,6.644,8.20500000000001,6.434,17.904,18.742,19.955,20.624,8.956,7.77900000000001,17.766,15.702,NA,NA,NA,8.213,37.746,39.935,12.717,12.169,NA,NA,10.734,9.986,20.278,NA,6.99600000000001,23.991,25.11,25.805,25.923,15.626,14.389,12.338,NA,NA,NA,NA,11.974,11.512,NA,NA,NA,NA,16.015,16.232,12.653,13.875,9.61,9.145,11.431,10.06,22.085,19.615,34.217,33.761,34.331,17.356,16.912,28.375,31.035,15.287,15.296,17.62,17.184,4.113,5.212,NA,NA,NA,NA,7.929,6.30600000000001,23.597,24.383,14.929,13.795,12.119,11.619,NA,10.122,9.26100000000001,10.205,16.412,16.653,NA,16.614,24.883,24.388,19.861,18.241,18.666,16.137,15.1,15.413,10.956,NA,11.652,11.223,11.435,10.873,NA,NA,NA,8.573,NA,NA,NA,NA,5.163,NA,NA,14.201,13.887,10.992,9.38999999999999,NA,NA,NA,NA,20.73,20.213,6.051,8.00500000000001,23.187,25.519,25.161,25.714,19.514,NA,NA,13.454,13.277,26.189,27.307,9.48900000000001,10.848,NA,NA,14.502,16.279,16.23,22.386,NA,13.838,13.754
"1948",29.838,28.814,25.632,22.756,22.035,20.547,NA,NA,17.129,15.603,12.328,12.01,10.768,10.571,NA,6.528,8.10500000000001,6.299,17.764,18.674,19.715,20.472,8.716,7.57400000000001,17.528,15.49,NA,NA,NA,NA,37.537,39.748,12.625,12.116,NA,NA,10.659,9.873,20.164,NA,6.97800000000001,23.879,25.014,25.639,25.803,15.54,14.293,12.268,NA,NA,NA,NA,11.883,11.408,NA,NA,NA,NA,15.885,16.14,12.527,13.778,9.532,9.07100000000001,11.381,9.975,21.996,19.459,34.101,33.631,34.103,17.211,16.785,28.225,30.9,15.186,15.195,17.494,17.063,NA,5.147,NA,NA,NA,NA,7.737,6.14000000000001,23.432,24.252,14.85,13.703,12.069,11.544,NA,10.07,9.18100000000001,10.165,16.302,16.524,NA,16.512,24.774,24.298,19.76,18.114,18.576,16.077,15.059,15.351,10.875,NA,11.566,11.124,11.337,10.792,NA,NA,NA,8.397,NA,NA,NA,NA,5.103,NA,NA,14.089,13.768,10.923,9.31799999999999,NA,NA,NA,NA,20.67,20.129,5.784,7.94500000000001,23.105,25.442,24.905,25.578,19.302,NA,NA,13.398,13.206,26.016,27.141,9.35200000000001,10.71,NA,NA,14.361,16.141,16.095,22.202,NA,13.738,13.619
"1947",29.57,28.514,25.42,22.504,21.841,20.35,NA,NA,17.01,15.465,12.226,11.88,10.691,10.495,NA,6.432,7.95700000000001,6.142,17.568,18.57,19.502,20.304,8.477,7.39500000000001,17.299,15.286,NA,NA,NA,NA,37.228,39.486,12.483,12.038,NA,NA,10.585,9.772,20.042,NA,6.93800000000001,23.764,24.914,25.447,25.636,15.459,14.203,12.21,NA,NA,NA,NA,11.814,11.339,NA,NA,NA,NA,15.783,16.069,12.34,13.653,9.449,8.982,11.327,9.93,21.879,19.316,33.928,33.392,33.826,17.062,16.662,27.997,30.692,15.042,15.075,17.341,16.942,NA,5.087,NA,NA,NA,NA,7.613,6.03600000000001,23.191,24.079,14.752,13.608,12.004,11.472,NA,10.02,9.10300000000001,10.115,16.2,16.396,NA,16.395,24.579,24.164,19.662,17.972,18.463,15.962,14.997,15.283,10.784,NA,11.464,11,11.253,10.681,NA,NA,NA,8.226,NA,NA,NA,NA,5.039,NA,NA,14.004,13.683,10.885,9.26699999999999,NA,NA,NA,NA,20.585,20.013,5.608,7.88700000000001,22.974,25.311,24.644,25.491,19.161,NA,NA,13.292,13.097,25.815,26.962,9.254,10.622,NA,NA,14.209,15.993,15.928,22.032,NA,13.647,13.51
"1946",29.203,28.103,25.18,22.26,21.541,20.078,NA,NA,16.824,15.245,12.076,11.691,10.568,10.393,NA,6.359,7.77200000000001,5.925,17.324,18.382,19.25,20.078,8.282,7.23200000000001,17.066,15.069,NA,NA,NA,NA,36.858,39.119,12.274,11.926,NA,NA,10.485,9.639,19.861,NA,NA,23.531,24.726,25.209,25.403,15.381,14.135,12.137,NA,NA,NA,NA,11.759,NA,NA,NA,NA,NA,15.637,15.952,12.091,13.469,9.318,8.852,11.287,9.887,21.706,19.106,33.651,33.078,33.546,16.858,16.468,27.736,30.422,14.836,14.898,17.156,16.746,NA,5.035,NA,NA,NA,NA,7.563,6.00200000000001,22.927,23.864,14.604,13.466,11.901,11.355,NA,9.924,9.02300000000001,10.052,16.062,16.266,NA,16.231,24.279,23.949,19.532,17.818,18.276,15.785,14.915,15.166,10.626,NA,11.321,10.86,11.153,10.558,NA,NA,NA,8.028,NA,NA,NA,NA,4.975,NA,NA,13.88,13.56,10.84,9.21899999999999,NA,NA,NA,NA,20.466,19.86,5.454,7.80800000000001,22.785,25.15,24.274,25.283,18.93,NA,NA,13.14,12.937,25.574,26.733,9.10200000000001,10.524,NA,NA,14.047,15.782,15.708,21.844,NA,13.531,13.394
"1945",28.916,27.758,24.954,22.075,21.307,19.862,NA,NA,16.693,15.066,11.922,11.52,10.404,10.258,NA,NA,7.59600000000001,5.729,17.077,18.201,19.006,19.893,8.109,7.08000000000001,16.892,14.911,NA,NA,NA,NA,36.552,38.842,12.125,11.843,NA,NA,10.389,9.514,19.683,NA,NA,23.317,24.569,25.03,25.234,15.266,13.994,12.026,NA,NA,NA,NA,11.669,NA,NA,NA,NA,NA,15.487,15.799,11.851,13.269,9.148,8.69,11.233,9.844,21.486,18.871,33.371,32.685,33.29,16.657,16.277,27.438,30.17,14.683,14.707,16.984,16.566,NA,4.961,NA,NA,NA,NA,NA,NA,22.677,23.607,14.467,13.316,11.799,11.223,NA,9.818,8.93100000000001,9.97400000000001,15.9,16.111,NA,16.048,23.997,23.715,19.372,17.631,18.093,15.586,14.82,15.052,10.454,NA,11.218,10.732,11.038,10.452,NA,NA,NA,7.753,NA,NA,NA,NA,4.859,NA,NA,13.75,13.398,NA,NA,NA,NA,NA,NA,20.369,19.723,5.181,7.70400000000001,22.635,25.015,23.939,25.052,18.654,NA,NA,12.983,12.73,25.288,26.474,8.95500000000001,10.406,NA,NA,13.918,15.571,15.529,21.6,NA,13.357,13.225
"1944",28.606,27.288,24.676,21.809,21.01,19.594,NA,NA,16.53,14.881,11.735,11.288,10.211,10.081,NA,NA,7.40300000000001,5.529,16.791,17.98,18.691,19.663,NA,NA,16.731,14.768,NA,NA,NA,NA,36.203,38.541,11.947,11.704,NA,NA,10.24,9.364,19.427,NA,NA,23.119,24.36,24.797,25.03,NA,NA,11.906,NA,NA,NA,NA,11.495,NA,NA,NA,NA,NA,15.299,15.635,11.625,13.035,8.986,8.542,11.168,9.78,21.211,18.585,33.004,32.255,33.025,16.443,16.066,27.09,29.854,14.462,14.5,16.758,16.364,NA,4.851,NA,NA,NA,NA,NA,NA,22.387,23.285,14.329,13.119,11.644,11.062,NA,9.683,8.81700000000001,9.86900000000001,15.741,15.965,NA,15.855,23.686,23.438,19.179,17.409,17.879,15.339,14.693,14.896,10.301,NA,11.073,10.546,10.877,10.271,NA,NA,NA,7.469,NA,NA,NA,NA,4.699,NA,NA,13.576,13.219,NA,NA,NA,NA,NA,NA,20.204,19.531,5.003,7.61000000000001,22.393,24.818,23.598,24.802,18.381,NA,NA,12.749,12.497,24.952,26.181,8.79000000000001,10.234,NA,NA,NA,15.343,15.307,21.311,NA,13.194,13.058
"1943",28.217,26.915,24.379,21.549,20.678,19.312,NA,NA,16.324,14.641,11.53,11.024,9.99200000000001,9.882,NA,NA,7.15000000000001,5.252,16.486,17.742,18.387,19.414,NA,NA,16.467,14.536,NA,NA,NA,NA,35.832,38.234,11.738,11.517,NA,NA,10.086,9.166,19.147,NA,NA,22.842,23.976,24.523,24.817,NA,NA,11.736,NA,NA,NA,NA,11.295,NA,NA,NA,NA,NA,15.078,15.427,11.359,12.782,8.747,8.329,11.097,9.706,20.925,18.273,32.701,31.846,32.686,16.249,15.869,26.731,29.555,14.299,14.299,16.509,16.179,NA,NA,NA,NA,NA,NA,NA,NA,22.078,22.906,14.138,12.855,11.418,10.806,NA,9.506,8.64500000000001,9.713,15.518,15.754,NA,15.639,23.329,23.101,18.872,17.083,17.632,14.961,14.476,14.677,10.104,NA,10.877,10.322,10.665,10.071,NA,NA,NA,7.116,NA,NA,NA,NA,NA,NA,NA,13.316,12.973,NA,NA,NA,NA,NA,NA,19.997,19.263,NA,7.49200000000001,22.141,24.594,23.203,24.494,18.09,NA,NA,12.469,12.182,24.54,25.853,8.56000000000001,10.043,NA,NA,NA,15.06,15.007,20.959,NA,12.959,12.83
"1942",27.779,26.439,24.039,21.197,20.283,18.978,NA,NA,16.041,14.337,11.227,10.701,NA,NA,NA,NA,6.86600000000001,4.972,16.116,17.393,18.024,19.111,NA,NA,16.165,14.274,NA,NA,NA,NA,35.355,37.811,11.502,11.291,NA,NA,9.90100000000001,8.918,18.819,NA,NA,22.55,23.622,24.253,24.596,NA,NA,11.589,NA,NA,NA,NA,NA,NA,NA,NA,NA,NA,14.923,15.278,11.055,12.458,8.484,8.11,11.006,9.62,NA,18,32.228,31.266,32.254,16.03,15.61,26.296,29.251,14,14.086,16.195,15.947,NA,NA,NA,NA,NA,NA,NA,NA,21.763,22.476,13.898,12.521,11.207,10.538,NA,9.3,8.50200000000001,9.57400000000001,15.291,15.53,NA,15.312,22.907,22.672,18.519,16.746,17.352,14.576,14.256,14.468,9.867,NA,10.681,10.037,NA,NA,NA,NA,NA,6.7,NA,NA,NA,NA,NA,NA,NA,13.139,12.789,NA,NA,NA,NA,NA,NA,19.827,18.985,NA,7.33200000000001,21.82,24.334,22.738,24.215,17.869,NA,NA,12.12,11.859,24.023,25.369,8.31400000000001,9.826,NA,NA,NA,14.7,14.671,20.512,NA,12.669,12.619
"1941",27.481,26.086,23.808,20.938,19.987,18.704,NA,NA,15.865,14.107,11.043,10.496,NA,NA,NA,NA,6.67500000000001,4.748,15.905,NA,17.762,18.861,NA,NA,NA,NA,NA,NA,NA,NA,35.083,37.547,11.312,11.151,NA,NA,9.73700000000001,8.73,18.589,NA,NA,22.307,23.364,24.059,24.424,NA,NA,NA,NA,NA,NA,NA,NA,NA,NA,NA,NA,NA,NA,NA,10.805,12.212,8.263,7.91400000000001,10.971,9.556,NA,17.822,31.935,30.933,31.928,15.866,15.448,26.002,29.04,13.74,13.935,15.961,15.739,NA,NA,NA,NA,NA,NA,NA,NA,21.505,22.215,13.755,12.344,11.05,10.31,NA,9.142,8.38800000000001,9.46500000000001,15.116,15.336,NA,15.099,22.599,22.402,18.297,16.527,17.152,14.329,14.105,14.31,9.682,NA,10.524,9.824,NA,NA,NA,NA,NA,6.366,NA,NA,NA,NA,NA,NA,NA,13.006,12.641,NA,NA,NA,NA,NA,NA,19.695,18.748,NA,7.21900000000001,21.598,24.122,22.38,23.987,17.653,NA,NA,11.883,11.608,23.632,25.032,8.21500000000001,9.618,NA,NA,NA,14.43,14.411,20.216,NA,NA,NA
"1940",27.084,25.723,23.533,20.656,19.579,18.277,NA,NA,15.629,13.818,10.812,10.245,NA,NA,NA,NA,6.43700000000001,4.512,15.557,NA,17.365,18.596,NA,NA,NA,NA,NA,NA,NA,NA,34.703,37.167,11.015,10.988,NA,NA,9.50500000000001,8.609,18.343,NA,NA,22,22.983,23.787,24.196,NA,NA,NA,NA,NA,NA,NA,NA,NA,NA,NA,NA,NA,NA,NA,10.444,11.936,7.966,7.584,10.93,9.454,NA,NA,31.607,30.533,31.545,15.574,15.242,25.682,28.782,13.408,13.619,15.729,15.533,NA,NA,NA,NA,NA,NA,NA,NA,NA,NA,13.587,12.105,10.861,10.082,NA,8.986,8.25300000000001,9.351,14.885,15.131,NA,14.86,22.288,22.156,18.038,16.286,16.916,14.001,13.926,14.114,9.502,NA,10.414,9.658,NA,NA,NA,NA,NA,5.973,NA,NA,NA,NA,NA,NA,NA,12.847,12.426,NA,NA,NA,NA,NA,NA,19.589,18.586,NA,7.09100000000001,21.389,23.883,22.086,23.793,17.457,NA,NA,11.621,11.337,23.163,24.597,NA,9.539,NA,NA,NA,14.079,14.049,19.888,NA,NA,NA
"1939",26.683,25.325,23.26,20.358,19.255,17.939,NA,NA,15.403,13.59,10.524,9.98899999999999,NA,NA,NA,NA,6.13900000000001,4.242,15.284,NA,17.006,18.285,NA,NA,NA,NA,NA,NA,NA,NA,34.277,36.736,10.779,10.786,NA,NA,9.31400000000001,8.385,18.101,NA,NA,21.669,22.63,23.496,23.943,NA,NA,NA,NA,NA,NA,NA,NA,NA,NA,NA,NA,NA,NA,NA,10.103,11.639,NA,NA,10.82,9.353,NA,NA,31.181,30.046,31.107,15.398,15.062,25.355,28.487,13.194,13.431,15.479,15.313,NA,NA,NA,NA,NA,NA,NA,NA,NA,NA,13.345,11.815,10.622,9.82,NA,8.778,8.10800000000001,9.19,14.67,14.92,NA,14.613,21.94,21.817,17.783,16.045,16.648,13.702,13.715,13.881,NA,NA,10.254,9.461,NA,NA,NA,NA,NA,5.601,NA,NA,NA,NA,NA,NA,NA,12.668,12.246,NA,NA,NA,NA,NA,NA,19.42,18.386,NA,6.94800000000001,21.121,23.641,21.759,23.623,17.278,NA,NA,11.329,11.059,22.7,24.121,NA,9.321,NA,NA,NA,13.703,13.637,19.506,NA,NA,NA
"1938",26.382,25.029,23.056,20.123,19.077,17.72,NA,NA,15.275,NA,10.313,9.79799999999999,NA,NA,NA,NA,5.91600000000001,4.059,15.076,NA,16.753,18.081,NA,NA,NA,NA,NA,NA,NA,NA,33.954,36.478,10.634,10.668,NA,NA,9.22300000000001,8.27,17.925,NA,NA,21.423,22.358,23.267,23.76,NA,NA,NA,NA,NA,NA,NA,NA,NA,NA,NA,NA,NA,NA,NA,9.85799999999999,11.418,NA,NA,10.732,9.299,NA,NA,30.903,29.754,30.864,15.282,14.956,25.124,28.257,13.035,13.25,15.272,15.14,NA,NA,NA,NA,NA,NA,NA,NA,NA,NA,13.17,11.643,10.476,9.672,NA,8.651,8.01000000000001,9.088,14.519,14.763,NA,14.427,21.738,21.607,17.593,15.845,16.457,13.491,13.551,13.721,NA,NA,10.132,9.34,NA,NA,NA,NA,NA,5.337,NA,NA,NA,NA,NA,NA,NA,12.582,NA,NA,NA,NA,NA,NA,NA,19.314,18.271,NA,6.84400000000001,20.928,23.456,21.501,23.491,17.146,NA,NA,11.087,10.802,22.389,23.772,NA,9.19,NA,NA,NA,13.532,13.442,19.235,NA,NA,NA
"1937",25.949,24.603,22.774,19.812,18.776,17.407,NA,NA,15.051,NA,10.099,9.58399999999999,NA,NA,NA,NA,5.62900000000001,3.785,NA,NA,16.394,17.788,NA,NA,NA,NA,NA,NA,NA,NA,33.55,36.066,10.419,10.474,NA,NA,9.02300000000001,8.058,17.656,NA,NA,21.033,22.002,22.919,23.463,NA,NA,NA,NA,NA,NA,NA,NA,NA,NA,NA,NA,NA,NA,NA,9.52799999999999,11.046,NA,NA,10.606,9.174,NA,NA,30.479,29.285,30.415,NA,NA,24.739,27.891,NA,13.012,NA,14.953,NA,NA,NA,NA,NA,NA,NA,NA,NA,NA,12.929,11.401,10.21,9.395,NA,8.412,7.802,8.893,14.25,14.522,NA,14.152,NA,NA,17.319,15.548,16.163,13.183,13.348,13.49,NA,NA,9.928,9.124,NA,NA,NA,NA,NA,4.892,NA,NA,NA,NA,NA,NA,NA,12.379,NA,NA,NA,NA,NA,NA,NA,19.086,18.036,NA,6.69700000000001,20.639,23.207,21.153,NA,NA,NA,NA,10.734,10.488,21.968,23.333,NA,NA,NA,NA,NA,13.188,13.066,18.835,NA,NA,NA
"1936",25.529,24.233,22.508,19.473,18.478,17.107,NA,NA,14.817,NA,9.89599999999999,9.36599999999999,NA,NA,NA,NA,5.37900000000001,3.541,NA,NA,16.035,17.476,NA,NA,NA,NA,NA,NA,NA,NA,33.101,35.731,10.197,10.257,NA,NA,NA,NA,17.365,NA,NA,20.703,21.655,22.586,23.144,NA,NA,NA,NA,NA,NA,NA,NA,NA,NA,NA,NA,NA,NA,NA,NA,10.715,NA,NA,10.407,8.98,NA,NA,30.002,28.786,30.007,NA,NA,24.372,27.555,NA,NA,NA,14.761,NA,NA,NA,NA,NA,NA,NA,NA,NA,NA,NA,NA,9.92899999999999,9.127,NA,NA,7.578,8.704,NA,NA,NA,13.871,NA,NA,17.027,15.269,15.823,12.833,13.136,13.271,NA,NA,9.763,8.923,NA,NA,NA,NA,NA,4.457,NA,NA,NA,NA,NA,NA,NA,NA,NA,NA,NA,NA,NA,NA,NA,18.818,17.783,NA,6.53000000000001,NA,NA,20.882,NA,NA,NA,NA,10.389,10.136,21.5,22.868,NA,NA,NA,NA,NA,NA,NA,18.421,NA,NA,NA
"1935",25.119,23.78,22.26,19.106,18.147,16.778,NA,NA,14.549,NA,NA,NA,NA,NA,NA,NA,5.11500000000001,3.272,NA,NA,15.615,17.125,NA,NA,NA,NA,NA,NA,NA,NA,32.608,35.325,NA,NA,NA,NA,NA,NA,NA,NA,NA,20.384,21.305,22.275,22.794,NA,NA,NA,NA,NA,NA,NA,NA,NA,NA,NA,NA,NA,NA,NA,NA,NA,NA,NA,NA,NA,NA,NA,29.47,28.286,29.528,NA,NA,24.023,27.197,NA,NA,NA,14.533,NA,NA,NA,NA,NA,NA,NA,NA,NA,NA,NA,NA,9.63,8.842,NA,NA,7.36100000000001,8.478,NA,NA,NA,13.594,NA,NA,NA,NA,NA,NA,12.875,13.008,NA,NA,NA,NA,NA,NA,NA,NA,NA,4.015,NA,NA,NA,NA,NA,NA,NA,NA,NA,NA,NA,NA,NA,NA,NA,18.527,17.462,NA,NA,NA,NA,20.529,NA,NA,NA,NA,10.03,9.776,20.943,22.387,NA,NA,NA,NA,NA,NA,NA,17.97,NA,NA,NA
"1934",24.704,23.413,22.002,18.828,17.859,16.467,NA,NA,14.364,NA,NA,NA,NA,NA,NA,NA,4.89000000000001,3.065,NA,NA,NA,NA,NA,NA,NA,NA,NA,NA,NA,NA,32.271,NA,NA,NA,NA,NA,NA,NA,NA,NA,NA,20.123,21.014,21.941,22.493,NA,NA,NA,NA,NA,NA,NA,NA,NA,NA,NA,NA,NA,NA,NA,NA,NA,NA,NA,NA,NA,NA,NA,29.008,27.892,29.148,NA,NA,23.726,26.924,NA,NA,NA,14.345,NA,NA,NA,NA,NA,NA,NA,NA,NA,NA,NA,NA,9.37499999999999,8.624,NA,NA,NA,8.251,NA,NA,NA,13.389,NA,NA,NA,NA,NA,NA,12.652,12.78,NA,NA,NA,NA,NA,NA,NA,NA,NA,3.624,NA,NA,NA,NA,NA,NA,NA,NA,NA,NA,NA,NA,NA,NA,NA,18.29,17.186,NA,NA,NA,NA,20.315,NA,NA,NA,NA,9.70900000000001,9.481,NA,NA,NA,NA,NA,NA,NA,NA,NA,17.58,NA,NA,NA
"1933",24.257,22.967,21.662,18.508,NA,NA,NA,NA,14.146,NA,NA,NA,NA,NA,NA,NA,4.61500000000001,2.797,NA,NA,NA,NA,NA,NA,NA,NA,NA,NA,NA,NA,31.873,NA,NA,NA,NA,NA,NA,NA,NA,NA,NA,19.849,20.753,21.542,22.163,NA,NA,NA,NA,NA,NA,NA,NA,NA,NA,NA,NA,NA,NA,NA,NA,NA,NA,NA,NA,NA,NA,NA,28.454,27.285,28.613,NA,NA,23.31,26.551,NA,NA,NA,NA,NA,NA,NA,NA,NA,NA,NA,NA,NA,NA,NA,NA,NA,NA,NA,NA,NA,NA,NA,NA,NA,13.138,NA,NA,NA,NA,NA,NA,12.407,12.535,NA,NA,NA,NA,NA,NA,NA,NA,NA,3.227,NA,NA,NA,NA,NA,NA,NA,NA,NA,NA,NA,NA,NA,NA,NA,17.964,16.819,NA,NA,NA,NA,20.01,NA,NA,NA,NA,NA,NA,NA,NA,NA,NA,NA,NA,NA,NA,NA,NA,NA,NA,NA
"1932",23.874,22.571,21.28,18.241,NA,NA,NA,NA,NA,NA,NA,NA,NA,NA,NA,NA,NA,NA,NA,NA,NA,NA,NA,NA,NA,NA,NA,NA,NA,NA,31.575,NA,NA,NA,NA,NA,NA,NA,NA,NA,NA,19.637,20.536,NA,21.879,NA,NA,NA,NA,NA,NA,NA,NA,NA,NA,NA,NA,NA,NA,NA,NA,NA,NA,NA,NA,NA,NA,NA,27.962,26.772,28.179,NA,NA,22.962,26.201,NA,NA,NA,NA,NA,NA,NA,NA,NA,NA,NA,NA,NA,NA,NA,NA,NA,NA,NA,NA,NA,NA,NA,NA,NA,NA,NA,NA,NA,NA,NA,NA,12.183,12.34,NA,NA,NA,NA,NA,NA,NA,NA,NA,NA,NA,NA,NA,NA,NA,NA,NA,NA,NA,NA,NA,NA,NA,NA,NA,17.659,16.433,NA,NA,NA,NA,19.744,NA,NA,NA,NA,NA,NA,NA,NA,NA,NA,NA,NA,NA,NA,NA,NA,NA,NA,NA
"1931",23.529,22.2,20.975,17.977,NA,NA,NA,NA,NA,NA,NA,NA,NA,NA,NA,NA,NA,NA,NA,NA,NA,NA,NA,NA,NA,NA,NA,NA,NA,NA,NA,NA,NA,NA,NA,NA,NA,NA,NA,NA,NA,19.463,20.358,NA,21.573,NA,NA,NA,NA,NA,NA,NA,NA,NA,NA,NA,NA,NA,NA,NA,NA,NA,NA,NA,NA,NA,NA,NA,27.509,26.272,27.728,NA,NA,22.69,25.937,NA,NA,NA,NA,NA,NA,NA,NA,NA,NA,NA,NA,NA,NA,NA,NA,NA,NA,NA,NA,NA,NA,NA,NA,NA,NA,NA,NA,NA,NA,NA,NA,NA,NA,NA,NA,NA,NA,NA,NA,NA,NA,NA,NA,NA,NA,NA,NA,NA,NA,NA,NA,NA,NA,NA,NA,NA,NA,NA,17.365,16.123,NA,NA,NA,NA,19.501,NA,NA,NA,NA,NA,NA,NA,NA,NA,NA,NA,NA,NA,NA,NA,NA,NA,NA,NA
"1930",23.219,21.883,20.75,17.759,NA,NA,NA,NA,NA,NA,NA,NA,NA,NA,NA,NA,NA,NA,NA,NA,NA,NA,NA,NA,NA,NA,NA,NA,NA,NA,NA,NA,NA,NA,NA,NA,NA,NA,NA,NA,NA,NA,NA,NA,21.274,NA,NA,NA,NA,NA,NA,NA,NA,NA,NA,NA,NA,NA,NA,NA,NA,NA,NA,NA,NA,NA,NA,NA,27.021,25.761,NA,NA,NA,22.376,25.637,NA,NA,NA,NA,NA,NA,NA,NA,NA,NA,NA,NA,NA,NA,NA,NA,NA,NA,NA,NA,NA,NA,NA,NA,NA,NA,NA,NA,NA,NA,NA,NA,NA,NA,NA,NA,NA,NA,NA,NA,NA,NA,NA,NA,NA,NA,NA,NA,NA,NA,NA,NA,NA,NA,NA,NA,NA,NA,NA,17.065,15.811,NA,NA,NA,NA,19.292,NA,NA,NA,NA,NA,NA,NA,NA,NA,NA,NA,NA,NA,NA,NA,NA,NA,NA,NA
"1929",22.913,21.537,NA,NA,NA,NA,NA,NA,NA,NA,NA,NA,NA,NA,NA,NA,NA,NA,NA,NA,NA,NA,NA,NA,NA,NA,NA,NA,NA,NA,NA,NA,NA,NA,NA,NA,NA,NA,NA,NA,NA,NA,NA,NA,20.96,NA,NA,NA,NA,NA,NA,NA,NA,NA,NA,NA,NA,NA,NA,NA,NA,NA,NA,NA,NA,NA,NA,NA,26.615,25.325,NA,NA,NA,22.129,NA,NA,NA,NA,NA,NA,NA,NA,NA,NA,NA,NA,NA,NA,NA,NA,NA,NA,NA,NA,NA,NA,NA,NA,NA,NA,NA,NA,NA,NA,NA,NA,NA,NA,NA,NA,NA,NA,NA,NA,NA,NA,NA,NA,NA,NA,NA,NA,NA,NA,NA,NA,NA,NA,NA,NA,NA,NA,NA,NA,16.83,15.526,NA,NA,NA,NA,19.082,NA,NA,NA,NA,NA,NA,NA,NA,NA,NA,NA,NA,NA,NA,NA,NA,NA,NA,NA
"1928",22.617,21.202,NA,NA,NA,NA,NA,NA,NA,NA,NA,NA,NA,NA,NA,NA,NA,NA,NA,NA,NA,NA,NA,NA,NA,NA,NA,NA,NA,NA,NA,NA,NA,NA,NA,NA,NA,NA,NA,NA,NA,NA,NA,NA,20.659,NA,NA,NA,NA,NA,NA,NA,NA,NA,NA,NA,NA,NA,NA,NA,NA,NA,NA,NA,NA,NA,NA,NA,26.202,24.936,NA,NA,NA,21.885,NA,NA,NA,NA,NA,NA,NA,NA,NA,NA,NA,NA,NA,NA,NA,NA,NA,NA,NA,NA,NA,NA,NA,NA,NA,NA,NA,NA,NA,NA,NA,NA,NA,NA,NA,NA,NA,NA,NA,NA,NA,NA,NA,NA,NA,NA,NA,NA,NA,NA,NA,NA,NA,NA,NA,NA,NA,NA,NA,NA,16.527,15.202,NA,NA,NA,NA,18.889,NA,NA,NA,NA,NA,NA,NA,NA,NA,NA,NA,NA,NA,NA,NA,NA,NA,NA,NA
"1927",22.397,20.91,NA,NA,NA,NA,NA,NA,NA,NA,NA,NA,NA,NA,NA,NA,NA,NA,NA,NA,NA,NA,NA,NA,NA,NA,NA,NA,NA,NA,NA,NA,NA,NA,NA,NA,NA,NA,NA,NA,NA,NA,NA,NA,20.469,NA,NA,NA,NA,NA,NA,NA,NA,NA,NA,NA,NA,NA,NA,NA,NA,NA,NA,NA,NA,NA,NA,NA,25.855,24.509,NA,NA,NA,21.705,NA,NA,NA,NA,NA,NA,NA,NA,NA,NA,NA,NA,NA,NA,NA,NA,NA,NA,NA,NA,NA,NA,NA,NA,NA,NA,NA,NA,NA,NA,NA,NA,NA,NA,NA,NA,NA,NA,NA,NA,NA,NA,NA,NA,NA,NA,NA,NA,NA,NA,NA,NA,NA,NA,NA,NA,NA,NA,NA,NA,16.271,14.954,NA,NA,NA,NA,18.71,NA,NA,NA,NA,NA,NA,NA,NA,NA,NA,NA,NA,NA,NA,NA,NA,NA,NA,NA
"1926",22.11,20.552,NA,NA,NA,NA,NA,NA,NA,NA,NA,NA,NA,NA,NA,NA,NA,NA,NA,NA,NA,NA,NA,NA,NA,NA,NA,NA,NA,NA,NA,NA,NA,NA,NA,NA,NA,NA,NA,NA,NA,NA,NA,NA,20.241,NA,NA,NA,NA,NA,NA,NA,NA,NA,NA,NA,NA,NA,NA,NA,NA,NA,NA,NA,NA,NA,NA,NA,25.428,24.102,NA,NA,NA,NA,NA,NA,NA,NA,NA,NA,NA,NA,NA,NA,NA,NA,NA,NA,NA,NA,NA,NA,NA,NA,NA,NA,NA,NA,NA,NA,NA,NA,NA,NA,NA,NA,NA,NA,NA,NA,NA,NA,NA,NA,NA,NA,NA,NA,NA,NA,NA,NA,NA,NA,NA,NA,NA,NA,NA,NA,NA,NA,NA,NA,16.027,14.669,NA,NA,NA,NA,18.559,NA,NA,NA,NA,NA,NA,NA,NA,NA,NA,NA,NA,NA,NA,NA,NA,NA,NA,NA
"1925",21.873,20.276,NA,NA,NA,NA,NA,NA,NA,NA,NA,NA,NA,NA,NA,NA,NA,NA,NA,NA,NA,NA,NA,NA,NA,NA,NA,NA,NA,NA,NA,NA,NA,NA,NA,NA,NA,NA,NA,NA,NA,NA,NA,NA,20.026,NA,NA,NA,NA,NA,NA,NA,NA,NA,NA,NA,NA,NA,NA,NA,NA,NA,NA,NA,NA,NA,NA,NA,25.069,23.681,NA,NA,NA,NA,NA,NA,NA,NA,NA,NA,NA,NA,NA,NA,NA,NA,NA,NA,NA,NA,NA,NA,NA,NA,NA,NA,NA,NA,NA,NA,NA,NA,NA,NA,NA,NA,NA,NA,NA,NA,NA,NA,NA,NA,NA,NA,NA,NA,NA,NA,NA,NA,NA,NA,NA,NA,NA,NA,NA,NA,NA,NA,NA,NA,15.757,NA,NA,NA,NA,NA,18.449,NA,NA,NA,NA,NA,NA,NA,NA,NA,NA,NA,NA,NA,NA,NA,NA,NA,NA,NA
"1924",21.635,19.984,NA,NA,NA,NA,NA,NA,NA,NA,NA,NA,NA,NA,NA,NA,NA,NA,NA,NA,NA,NA,NA,NA,NA,NA,NA,NA,NA,NA,NA,NA,NA,NA,NA,NA,NA,NA,NA,NA,NA,NA,NA,NA,19.865,NA,NA,NA,NA,NA,NA,NA,NA,NA,NA,NA,NA,NA,NA,NA,NA,NA,NA,NA,NA,NA,NA,NA,NA,23.419,NA,NA,NA,NA,NA,NA,NA,NA,NA,NA,NA,NA,NA,NA,NA,NA,NA,NA,NA,NA,NA,NA,NA,NA,NA,NA,NA,NA,NA,NA,NA,NA,NA,NA,NA,NA,NA,NA,NA,NA,NA,NA,NA,NA,NA,NA,NA,NA,NA,NA,NA,NA,NA,NA,NA,NA,NA,NA,NA,NA,NA,NA,NA,NA,15.526,NA,NA,NA,NA,NA,NA,NA,NA,NA,NA,NA,NA,NA,NA,NA,NA,NA,NA,NA,NA,NA,NA,NA,NA,NA
"1923",NA,NA,NA,NA,NA,NA,NA,NA,NA,NA,NA,NA,NA,NA,NA,NA,NA,NA,NA,NA,NA,NA,NA,NA,NA,NA,NA,NA,NA,NA,NA,NA,NA,NA,NA,NA,NA,NA,NA,NA,NA,NA,NA,NA,NA,NA,NA,NA,NA,NA,NA,NA,NA,NA,NA,NA,NA,NA,NA,NA,NA,NA,NA,NA,NA,NA,NA,NA,NA,NA,NA,NA,NA,NA,NA,NA,NA,NA,NA,NA,NA,NA,NA,NA,NA,NA,NA,NA,NA,NA,NA,NA,NA,NA,NA,NA,NA,NA,NA,NA,NA,NA,NA,NA,NA,NA,NA,NA,NA,NA,NA,NA,NA,NA,NA,NA,NA,NA,NA,NA,NA,NA,NA,NA,NA,NA,NA,NA,NA,NA,NA,NA,NA,NA,15.168,NA,NA,NA,NA,NA,NA,NA,NA,NA,NA,NA,NA,NA,NA,NA,NA,NA,NA,NA,NA,NA,NA,NA,NA,NA
