"","VLF001A","VLF001B","VLF004A","VLF004B","VLF005A","VLF005B","VLF007A","VLF007B","VLF008A","VLF008B","VLF009A","VLF009B","VLF010A","VLF010B","VLF011A","VLF011B","VLF012A","VLF012B","VLF015B","VLF016A","VLF016B","VLF017A","VLF017B","VLF018A","VLF018B","VLF019A","VLF019B","VLF020A","VLF020B","VLF021A","VLF021B","VLF022A","VLF022B","VLF023A","VLF023B","VLF025A","VLF025B","VLF051A","VLF051B","VLF052A","VLF052B","VLF053B","VLF054A","VLF054B","VLF055A","VLF055B","VLF057A","VLF057B","VLF058A","VLF058B","VLF059A","VLF059B","VLF061A","VLF061B","VLF062A","VLF062B","VLF063A","VLF063B","VLF064A","VLF064B","VLF065A","VLF066A","VLF066B","VLF067A","VLF067B","VLF068A","VLF068B","VLF069A","VLF069B","VLF070A","VLF072A","VLF072B","VLF073A","VLF073B","VLF074A","VLF074B","VLF075A","VLF075B","VLF101A","VLF101B","VLF102A","VLF102B","VLF104A","VLF104B","VLF105A","VLF105B","VLF106A","VLF106B","VLF107A","VLF107B","VLF108A","VLF108B","VLF109A","VLF109B","VLF112A","VLF112B","VLF113A","VLF113B","VLF114A","VLF114B","VLF115A","VLF115B","VLF116A","VLF116B","VLF117B","VLF118A","VLF118B","VLF119A","VLF119B","VLF120A","VLF120B","VLF121A","VLF121B","VLF122A","VLF122B","VLF123A","VLF123B","VLF123C","VLF124A","VLF124B","VLF125A","VLF125B","VLF126A","VLF126B","VLF127A","VLF127B","VLF128A","VLF128B","VLF129A","VLF129B","VLF130A","VLF130B","VLF131A","VLF131B","VLF132B","VLF133A","VLF133B","VLF134A","VLF134B","VLF135A","VLF135B","VLF136A","VLF136B","VLF137A","VLF137B","VLF138A","VLF138B","VLF139A","VLF139B","VLF140A","VLF140B","VLF141A","VLF141B","VLF142B","VLF143A","VLF143B","VLF145A","VLF145B","VLF146A","VLF146B","VLF147A","VLF147B","VLF149A","VLF149B","VLF150A","VLF150B"
"2011",22.9,22.9,24.8,24.8,21.2,21.2,26.7,26.7,21.1,21.1,28.1,28.1,21.7,21.7,28.9,28.9,26,26,23.6,27.4,27.4,19,19,31.9,31.9,20.9,20.9,19.5,19.5,14.2,14.2,26.3,26.3,19,19,34,34,24.3,24.3,29.1,29.1,20.4,10.8,10.8,10.7,10.7,32,32,22.3,22.3,25.2,25.2,34,34,18.4,18.4,10.2,10.2,30.1,30.1,19.4,17.5,17.5,24.3,24.3,14.1,14.1,21.4,21.4,14.5,31,31,11.7,11.7,27.2,27.2,26.2,26.2,27.5,27.5,36,36,32.5,32.5,31.5,31.5,39,39,25,25,33.5,33.5,34.5,34.5,24,24,27,27,36.5,36.5,28,28,17.8,17.8,11.7,22.5,22.5,21.2,21.2,22,22,30,30,22.5,22.5,40.3,40.3,40.3,16.7,16.7,34,34,23,23,40.4,40.4,31.8,31.8,27,27,30.4,30.4,21.3,21.3,17.4,18.6,18.6,32.2,32.2,20.2,20.2,25.5,25.5,17,17,15.8,15.8,25.3,25.3,31.8,31.8,38.2,38.2,27.2,37.9,37.9,40.5,40.5,23.5,23.5,18.3,18.3,18.6,18.6,39.8,39.8
"2010",22.847,22.861,24.75,24.748,21.178,21.194,26.659,26.668,21.078,21.072,28.039,28.072,21.674,21.673,28.838,28.841,25.962,25.986,23.575,27.392,27.393,18.999,18.998,31.856,31.867,20.865,20.877,19.499,19.499,14.199,14.199,26.242,26.241,18.996,NA,33.98,33.987,24.298,24.299,29.057,29.062,NA,10.799,10.797,10.697,10.699,31.925,31.93,22.269,22.285,25.189,25.141,33.962,33.987,18.364,18.393,10.199,10.193,30.063,30.038,19.395,NA,17.467,24.282,24.285,14.099,14.099,21.399,21.399,14.499,30.945,30.925,11.696,11.699,27.161,27.133,26.158,26.125,27.458,27.477,35.999,35.892,32.419,32.428,31.462,31.456,38.95,38.91,24.999,24.999,33.411,33.438,34.466,34.445,23.999,23.999,26.999,26.999,36.45,36.48,27.936,27.944,17.786,NA,11.699,22.392,22.475,21.158,21.17,21.975,21.977,29.948,29.964,22.464,22.471,40.196,40.261,40.239,16.683,16.699,33.927,33.939,22.948,22.953,40.351,40.328,31.743,31.744,26.999,26.999,30.366,30.354,21.299,NA,17.353,18.599,18.599,32.183,32.155,20.133,20.125,25.489,25.481,16.999,16.999,15.787,15.791,25.246,25.276,31.793,31.799,38.134,38.119,27.199,37.852,37.826,40.441,40.447,23.433,23.46,18.265,18.271,18.588,18.589,39.729,39.767
"2009",22.722,22.777,24.6,24.616,21.11,21.143,26.548,26.566,21.007,20.971,27.932,27.969,21.583,21.592,28.635,28.695,25.849,25.915,23.537,27.298,27.332,18.973,18.974,31.721,31.744,20.79,20.799,19.477,19.498,14.198,14.198,26.132,26.114,18.967,NA,33.879,33.922,24.284,24.276,28.892,28.911,NA,10.798,10.781,10.67,10.658,31.753,31.712,22.183,22.225,25.083,24.941,33.843,33.908,18.263,18.347,10.198,10.185,29.906,29.87,19.378,NA,17.38,24.194,24.204,14.098,14.098,21.398,21.398,14.498,30.802,30.763,11.684,11.698,27.059,27.003,26.066,25.999,27.304,27.423,35.998,35.702,32.285,32.313,31.371,31.384,38.841,38.716,24.983,24.991,33.223,33.325,34.392,34.368,23.998,23.998,26.998,26.998,36.325,36.378,27.869,27.881,17.732,NA,11.698,22.293,22.446,21.013,21.061,21.909,21.904,29.794,29.864,22.393,22.424,40.027,40.135,40.088,16.67,16.698,33.79,33.755,22.833,22.825,40.204,40.1,31.597,31.594,26.967,26.946,30.271,30.246,21.298,NA,17.244,18.598,18.598,32.12,32.081,19.999,19.985,25.461,25.449,16.998,16.998,15.754,15.767,25.119,25.19,31.732,31.798,38.012,37.917,27.198,37.708,37.671,40.28,40.369,23.259,23.344,18.2,18.181,18.528,18.493,39.572,39.65
"2008",22.624,22.695,24.472,24.525,21.05,21.094,26.433,26.494,20.934,20.874,27.843,27.89,21.513,21.504,28.501,28.595,25.758,25.855,23.486,27.223,27.274,18.937,18.939,31.624,31.636,20.701,20.722,19.443,19.497,14.197,14.197,26.044,25.995,18.909,NA,33.788,33.87,24.25,24.238,28.766,28.8,NA,10.797,10.744,10.629,10.612,31.606,31.569,22.112,22.163,24.98,24.78,33.712,33.803,18.176,18.3,10.197,10.174,29.773,29.746,19.362,NA,17.282,24.102,24.108,14.097,14.097,21.397,21.397,14.497,30.647,30.634,11.663,11.697,26.969,26.856,25.954,25.834,27.184,27.357,35.997,35.548,32.167,32.199,31.29,31.304,38.734,38.562,24.964,24.985,33.077,33.253,34.328,34.29,23.997,23.997,26.997,26.997,36.222,36.276,27.76,27.787,17.681,NA,11.697,22.214,22.395,20.913,21.007,21.85,21.825,29.668,29.752,22.293,22.342,39.9,40.042,39.961,16.644,16.697,33.665,33.658,22.742,22.595,40.099,39.944,31.491,31.498,26.93,26.892,30.183,30.158,21.297,NA,17.149,18.597,18.597,32.048,32.029,19.879,19.849,25.424,25.418,16.997,16.997,15.722,15.745,25.012,25.116,31.692,31.797,37.828,37.722,27.197,37.55,37.54,40.159,40.265,23.138,23.216,18.127,18.1,18.454,18.41,39.448,39.58
"2007",22.519,22.601,24.3,24.394,20.969,21.033,26.279,26.413,20.84,20.769,27.726,27.761,21.451,21.388,28.342,28.446,25.649,25.762,23.43,27.12,27.187,18.895,18.899,31.485,31.531,20.603,20.625,19.384,19.496,14.196,14.196,25.93,25.879,18.856,NA,33.658,33.786,24.221,24.218,28.628,28.643,NA,10.796,10.691,10.582,10.571,31.444,31.402,22.022,22.065,24.881,24.64,33.577,33.699,18.066,18.24,10.181,10.118,29.653,29.599,19.335,NA,17.199,23.937,23.972,14.096,14.096,21.396,21.396,14.496,30.479,30.492,11.652,11.696,26.866,26.739,25.841,25.682,27.069,27.29,35.885,35.421,32.025,32.098,31.179,31.23,38.621,38.388,24.935,24.977,32.969,33.165,34.245,34.205,23.996,23.996,26.996,26.996,36.121,36.204,27.671,27.713,17.646,NA,11.696,22.098,22.327,20.833,20.943,21.802,21.777,29.53,29.632,22.217,22.285,39.758,39.87,39.811,16.611,16.696,33.507,33.467,22.642,22.443,39.956,39.817,31.364,31.377,26.88,26.854,30.095,30.054,21.296,NA,17.038,18.596,18.596,31.987,31.974,19.778,19.669,25.401,25.378,16.996,16.996,15.689,15.72,24.914,25.028,31.649,31.773,37.675,37.46,27.196,37.369,37.379,39.995,40.168,22.961,23.085,18.043,18.006,18.384,18.324,39.302,39.468
"2006",22.392,22.506,24.121,24.241,20.856,20.966,26.12,26.328,20.743,20.652,27.583,27.616,21.352,21.273,28.158,28.318,25.53,25.653,23.422,27.007,27.084,18.848,18.845,31.33,31.417,20.536,20.505,19.323,19.476,14.195,14.195,25.818,25.734,18.813,NA,33.537,33.695,24.191,24.184,28.459,28.459,NA,10.795,10.637,10.547,10.527,31.241,31.234,21.894,21.946,24.754,24.447,33.438,33.58,17.966,18.176,10.152,10.089,29.49,29.432,19.308,NA,17.119,23.801,23.866,14.095,14.095,21.395,21.395,14.46,30.284,30.299,11.638,11.695,26.736,26.612,25.701,25.56,26.954,27.223,35.728,35.272,31.859,31.97,31.081,31.086,38.464,38.191,24.906,24.969,32.803,33.062,34.154,34.111,23.944,23.995,26.995,26.995,35.969,36.065,27.559,27.58,17.576,NA,11.695,21.982,22.255,20.757,20.883,21.757,21.744,29.37,29.498,22.116,22.219,39.609,39.645,39.633,16.569,16.695,33.331,33.273,22.53,22.297,39.788,39.657,31.245,31.244,26.827,26.82,30.009,29.966,21.295,NA,16.946,18.595,18.586,31.889,31.912,19.663,19.549,25.368,25.325,16.986,16.983,15.665,15.702,24.803,24.951,31.588,31.734,37.465,37.226,27.195,37.191,37.184,39.834,40.072,22.767,22.95,17.977,17.93,18.32,18.252,39.171,39.342
"2005",22.362,22.482,24.048,24.192,20.834,20.956,26.027,26.299,20.72,20.634,27.542,27.595,21.333,21.233,28.098,28.257,25.511,25.635,23.421,26.973,27.065,18.838,18.839,31.267,31.384,20.513,20.465,19.277,19.459,14.194,14.194,25.757,25.666,18.803,NA,33.509,33.67,24.19,24.183,28.42,28.427,NA,10.794,10.636,10.546,10.524,31.143,31.171,21.87,21.913,24.726,24.402,33.405,33.545,17.947,18.167,10.137,10.087,29.446,29.377,19.307,NA,17.102,23.765,23.843,14.094,14.094,21.394,21.394,14.439,30.24,30.26,11.635,11.694,26.687,26.557,25.651,25.505,26.916,27.213,35.649,35.181,31.787,31.913,31.048,31.059,38.419,38.122,24.905,24.968,32.726,33.039,34.118,34.067,23.901,23.964,26.977,26.969,35.937,36.041,27.536,27.543,17.561,NA,11.694,21.939,22.244,20.738,20.853,21.744,21.743,29.344,29.497,22.078,22.199,39.537,39.576,39.547,16.568,16.694,33.289,33.236,22.496,22.265,39.745,39.613,31.204,31.206,26.805,26.806,29.996,29.95,21.294,NA,16.894,18.587,18.571,31.872,31.899,19.61,19.51,25.367,25.324,16.976,16.973,15.664,15.701,24.775,24.939,31.571,31.709,37.39,37.093,27.184,37.158,37.137,39.787,40.042,22.707,22.918,17.942,17.919,18.31,18.243,39.128,39.311
"2004",22.258,22.415,23.873,24.054,20.76,20.904,25.888,26.21,20.641,20.538,27.435,27.487,21.27,21.145,27.949,28.124,25.424,25.548,23.378,26.859,26.995,18.822,18.8,31.165,31.291,20.459,20.373,19.229,19.434,14.184,14.193,25.646,25.541,18.743,NA,33.431,33.584,24.165,24.146,28.289,28.297,NA,10.793,10.59,10.476,10.432,30.983,31.074,21.794,21.822,24.612,24.245,33.302,33.444,17.856,18.137,10.075,10.06,29.349,29.251,19.286,NA,17.033,23.692,23.747,14.093,14.093,21.369,21.363,14.405,30.134,30.15,11.611,11.693,26.594,26.458,25.571,25.372,26.827,27.145,35.524,35.024,31.639,31.79,30.962,30.961,38.311,37.961,24.867,24.959,32.574,32.948,34.054,33.987,23.849,23.915,26.907,26.881,35.839,35.959,27.474,27.457,17.515,NA,11.693,21.859,22.192,20.672,20.792,21.707,21.709,29.186,29.393,22.023,22.161,39.426,39.489,39.436,16.542,16.693,33.17,33.076,22.376,22.133,39.651,39.531,31.146,31.102,26.782,26.768,29.932,29.878,21.293,NA,16.787,18.568,18.555,31.833,31.865,19.518,19.382,25.334,25.285,16.961,16.962,15.652,15.66,24.694,24.874,31.519,31.646,37.239,36.951,27.168,37.063,37.037,39.684,39.961,22.554,22.813,17.87,17.864,18.253,18.209,38.987,39.188
"2003",22.164,22.365,23.783,23.971,20.72,20.872,25.82,26.155,20.586,20.468,27.346,27.404,21.231,21.089,27.861,27.998,25.377,25.499,23.345,26.799,26.939,18.795,18.778,31.067,31.211,20.434,20.325,19.212,19.392,14.178,14.192,25.586,25.467,18.716,NA,33.375,33.529,24.141,24.114,28.18,28.169,NA,10.792,10.562,10.432,10.383,30.888,31.033,21.741,21.752,24.512,24.103,33.23,33.375,17.775,18.08,10.039,10.029,29.256,29.146,19.264,NA,16.995,23.61,23.67,14.092,14.092,21.339,21.341,14.356,30.047,30.099,11.595,11.692,26.532,26.407,25.507,25.261,26.753,27.09,35.417,34.877,31.492,31.68,30.915,30.893,38.221,37.843,24.847,24.953,32.433,32.883,33.969,33.918,23.824,23.891,26.852,26.79,35.712,35.874,27.418,27.383,17.514,NA,11.692,21.779,22.15,20.622,20.751,21.706,21.708,29.024,29.294,21.98,22.113,39.316,39.39,39.336,16.541,16.692,33.05,32.979,22.281,22.005,39.571,39.475,31.145,31.101,26.758,26.719,29.88,29.821,21.292,NA,16.733,18.553,18.534,31.803,31.827,19.424,19.288,25.295,25.253,16.94,16.954,15.621,15.637,24.666,24.85,31.48,31.59,37.107,36.835,27.136,36.99,36.915,39.576,39.895,22.457,22.696,17.823,17.821,18.217,18.167,38.91,39.078
"2002",22.137,22.344,23.727,23.95,20.704,20.854,25.784,26.131,20.547,20.434,27.299,27.353,21.223,21.056,27.815,27.934,25.365,25.473,23.324,26.764,26.901,18.78,18.76,31.019,31.176,20.429,20.307,19.198,19.359,14.168,14.191,25.559,25.429,18.706,NA,33.354,33.497,24.111,24.087,28.109,28.115,NA,10.791,10.556,10.409,10.363,30.855,31,21.731,21.724,24.46,24.029,33.193,33.349,17.738,18.06,10.001,10.026,29.231,29.102,19.26,NA,16.983,23.566,23.627,14.091,14.091,21.317,21.312,14.336,30.018,30.09,11.578,11.691,26.515,26.384,25.485,25.211,26.692,27.06,35.343,34.773,31.415,31.585,30.874,30.84,38.137,37.769,24.827,24.944,32.33,32.828,33.865,33.822,23.775,23.864,26.785,26.71,35.632,35.818,27.388,27.339,17.486,NA,11.691,21.747,22.111,20.604,20.733,21.675,21.687,28.952,29.242,21.956,22.085,39.226,39.306,39.262,16.521,16.691,33,32.93,22.26,21.977,39.517,39.427,31.1,31.019,26.734,26.695,29.864,29.801,21.291,NA,16.708,18.537,18.519,31.785,31.814,19.378,19.231,25.278,25.241,16.924,16.938,15.6,15.635,24.652,24.825,31.45,31.545,37.05,36.774,27.103,36.909,36.849,39.532,39.879,22.388,22.638,17.81,17.817,18.208,18.155,38.867,39.021
"2001",22.136,22.343,23.726,23.949,20.691,20.849,25.783,26.13,20.546,20.433,27.294,27.35,21.222,21.055,27.814,27.932,25.364,25.472,23.323,26.763,26.9,18.779,18.759,31.004,31.171,20.428,20.306,19.197,19.358,14.167,14.19,25.554,25.428,18.705,NA,33.353,33.496,24.11,24.078,28.104,28.114,NA,10.79,10.555,10.408,10.362,30.854,30.994,21.73,21.723,24.458,24.023,33.192,33.348,17.737,18.059,10,10.025,29.23,29.101,19.259,NA,16.982,23.564,23.626,14.09,14.09,21.316,21.294,14.335,30.017,30.089,11.568,11.69,26.514,26.383,25.484,25.21,26.691,27.059,35.342,34.757,31.414,31.584,30.851,30.821,38.136,37.768,24.81,24.943,32.311,32.827,33.864,33.796,23.742,23.841,26.784,26.709,35.631,35.817,27.387,27.338,17.485,NA,11.69,21.746,22.101,20.603,20.732,21.674,21.672,28.951,29.241,21.955,22.084,39.21,39.27,39.21,16.512,16.69,32.999,32.929,22.259,21.976,39.516,39.426,31.089,31.018,26.733,26.694,29.863,29.8,21.29,NA,16.692,18.536,18.518,31.784,31.813,19.377,19.23,25.277,25.24,16.923,16.937,15.599,15.634,24.651,24.824,31.449,31.544,37.049,36.754,27.1,36.908,36.848,39.493,39.846,22.387,22.637,17.809,17.816,18.207,18.154,38.866,39.02
"2000",22.08,22.323,23.656,23.906,20.612,20.821,25.726,26.104,20.504,20.389,27.226,27.282,21.213,21.023,27.772,27.881,25.345,25.444,23.308,26.679,26.825,18.765,18.728,30.877,31.081,20.405,20.268,19.153,19.333,14.154,14.175,25.54,25.409,18.692,NA,33.276,33.446,24.103,24.061,28.082,28.081,NA,10.789,10.549,10.395,10.329,30.822,30.951,21.697,21.698,24.42,23.957,33.114,33.313,17.66,18.01,9.971,10.012,29.153,29.042,19.252,NA,16.948,23.498,23.552,14.089,14.087,21.297,21.269,14.318,29.997,30.037,11.562,11.689,26.47,26.326,25.459,25.141,26.649,27.041,35.291,34.68,31.325,31.482,30.81,30.784,38.013,37.629,24.809,24.936,32.221,32.791,33.775,33.704,23.699,23.816,26.738,26.65,35.574,35.792,27.325,27.27,17.472,NA,11.689,21.715,22.082,20.551,20.676,21.647,21.616,28.867,29.189,21.926,22.058,39.146,39.196,39.105,16.511,16.689,32.912,32.901,22.236,21.874,39.428,39.333,31.088,30.986,26.698,26.635,29.853,29.765,21.289,NA,16.666,18.525,18.507,31.758,31.794,19.297,19.128,25.25,25.216,16.915,16.927,15.583,15.63,24.633,24.79,31.44,31.522,36.895,36.671,27.087,36.78,36.663,39.394,39.762,22.265,22.602,17.794,17.795,18.193,18.107,38.774,38.931
"1999",22.063,22.297,23.626,23.887,20.611,20.82,25.679,26.09,20.479,20.37,27.179,27.234,21.212,21.022,27.74,27.845,25.329,25.428,23.307,26.641,26.796,18.756,18.716,30.838,31.04,20.394,20.251,19.14,19.332,14.151,14.173,25.539,25.379,18.691,NA,33.236,33.422,24.096,24.048,28.046,28.052,NA,10.781,10.548,10.384,10.31,30.779,30.926,21.667,21.671,24.403,23.903,33.073,33.282,17.622,17.988,9.967,10.004,29.095,28.994,19.25,NA,16.923,23.443,23.506,14.084,14.083,21.296,21.253,14.315,29.937,29.96,11.546,11.688,26.44,26.284,25.434,25.095,26.622,27.017,35.229,34.596,31.26,31.401,30.809,30.783,37.893,37.489,24.789,24.929,32.149,32.757,33.734,33.658,23.692,23.804,26.713,26.601,35.511,35.772,27.298,27.238,17.467,NA,11.688,21.678,22.064,20.517,20.644,21.637,21.615,28.801,29.135,21.891,22.036,39.068,39.085,38.99,16.482,16.685,32.797,32.839,22.178,21.79,39.346,39.245,31.067,30.964,26.679,26.634,29.831,29.745,21.288,NA,16.665,18.524,18.496,31.728,31.766,19.249,19.066,25.225,25.178,16.908,16.926,15.581,15.628,24.605,24.716,31.439,31.501,36.794,36.593,27.081,36.7,36.564,39.285,39.688,22.188,22.558,17.788,17.776,18.172,18.073,38.706,38.879
"1998",21.925,22.187,23.474,23.785,20.561,20.787,25.504,25.995,20.371,20.231,27.026,27.105,21.125,20.91,27.548,27.662,25.214,25.319,23.232,26.493,26.664,18.718,18.661,30.684,30.894,20.328,20.158,19.038,19.321,14.137,14.162,25.458,25.257,18.635,NA,33.072,33.291,24.055,24.008,27.892,27.886,NA,10.73,10.494,10.316,10.22,30.602,30.804,21.611,21.577,24.316,23.748,32.927,33.172,17.486,17.873,9.934,9.981,28.893,28.814,19.173,NA,16.808,23.247,23.353,14.073,14.075,21.187,21.249,14.272,29.747,29.785,11.512,11.687,26.312,26.151,25.317,24.924,26.49,26.919,35.098,34.415,31.05,31.274,30.715,30.667,37.652,37.209,24.746,24.92,31.897,32.6,33.601,33.508,23.657,23.761,26.695,26.58,35.365,35.665,27.194,27.1,17.419,NA,11.687,21.567,22.018,20.424,20.535,21.598,21.569,28.669,29.019,21.78,21.957,38.93,38.959,38.846,16.445,16.658,32.583,32.708,21.997,21.561,39.097,39.097,30.983,30.861,26.645,26.607,29.786,29.677,21.287,NA,16.603,18.505,18.47,31.632,31.713,19.142,18.902,25.148,25.089,16.905,16.92,15.573,15.615,24.514,24.715,31.389,31.447,36.592,36.396,27.043,36.521,36.309,39.096,39.536,21.983,22.445,17.708,17.694,18.107,17.966,38.544,38.733
"1997",21.817,22.112,23.316,23.702,20.496,20.743,25.385,25.92,20.283,20.122,26.915,26.998,21.046,20.8,27.404,27.525,25.15,25.239,23.194,26.349,26.552,18.699,18.628,30.572,30.79,20.286,20.088,18.972,19.317,14.133,14.145,25.397,25.179,18.572,NA,32.965,33.204,24.038,23.995,27.8,27.772,NA,10.691,10.457,10.285,10.153,30.469,30.679,21.548,21.524,24.229,23.628,32.824,33.063,17.391,17.808,9.913,9.97,28.755,28.679,19.116,NA,16.709,23.103,23.22,14.054,14.055,21.171,21.23,14.247,29.621,29.64,11.464,11.686,26.228,26.064,25.241,24.801,26.412,26.857,34.974,34.267,30.873,31.172,30.66,30.613,37.483,37.01,24.701,24.912,31.712,32.509,33.51,33.428,23.602,23.717,26.691,26.559,35.224,35.578,27.117,27,17.383,NA,11.686,21.501,21.981,20.335,20.449,21.558,21.528,28.575,28.953,21.715,21.892,38.805,38.823,38.715,16.419,16.642,32.358,32.534,21.824,21.357,38.972,39.02,30.928,30.8,26.609,26.566,29.73,29.635,21.286,NA,16.534,18.487,18.45,31.567,31.668,19.055,18.81,25.095,25.001,16.895,16.905,15.557,15.586,24.436,24.649,31.366,31.405,36.433,36.204,27.018,36.384,36.178,38.958,39.423,21.863,22.35,17.637,17.597,18.053,17.895,38.394,38.613
"1996",21.669,22.022,23.173,23.575,20.429,20.71,25.273,25.841,20.189,19.977,26.797,26.844,20.966,20.711,27.257,27.402,25.044,25.133,23.125,26.211,26.418,18.658,18.551,30.454,30.687,20.223,19.976,18.893,19.283,14.099,14.109,25.322,25.074,18.509,NA,32.838,33.096,23.993,23.94,27.673,27.652,NA,10.661,10.404,10.248,10.092,30.344,30.577,21.467,21.443,24.12,23.509,32.694,32.955,17.271,17.72,9.887,9.944,28.629,28.506,19.044,NA,16.614,22.997,23.128,14.038,14.049,21.154,21.205,14.125,29.473,29.483,11.432,11.685,26.115,25.923,25.127,24.679,26.332,26.795,34.818,34.096,30.648,31.054,30.586,30.512,37.252,36.795,24.651,24.902,31.494,32.389,33.398,33.303,23.544,23.68,26.667,26.513,35.025,35.456,27.042,26.888,17.356,NA,11.673,21.407,21.913,20.255,20.374,21.492,21.45,28.439,28.865,21.612,21.813,38.668,38.614,38.558,16.394,16.613,32.076,32.289,21.662,21.225,38.821,38.904,30.865,30.704,26.57,26.539,29.664,29.549,21.285,NA,16.499,18.46,18.422,31.47,31.571,18.962,18.707,25.046,24.926,16.885,16.896,15.538,15.568,24.358,24.583,31.303,31.329,36.187,36.005,26.983,36.241,36.01,38.819,39.276,21.704,22.251,17.592,17.521,18.008,17.845,38.203,38.456
"1995",21.619,21.987,23.102,23.521,20.428,20.706,25.211,25.787,20.147,19.925,26.739,26.798,20.94,20.655,27.192,27.325,25.019,25.094,23.087,26.149,26.349,18.657,18.526,30.41,30.621,20.198,19.927,18.842,19.257,14.089,14.099,25.259,25.011,18.486,NA,32.783,33.053,23.975,23.912,27.636,27.609,NA,10.632,10.389,10.22,10.055,30.283,30.523,21.431,21.415,24.078,23.438,32.633,32.889,17.223,17.687,9.869,9.927,28.554,28.433,19.006,NA,16.562,22.965,23.097,14.026,14.038,21.142,21.199,14.124,29.408,29.404,11.407,11.684,26.042,25.846,25.066,24.596,26.292,26.769,34.723,33.966,30.552,30.986,30.55,30.464,37.141,36.656,24.638,24.897,31.416,32.327,33.325,33.234,23.518,23.654,26.648,26.48,34.937,35.422,27.005,26.804,17.34,NA,11.658,21.357,21.887,20.186,20.305,21.455,21.409,28.392,28.826,21.553,21.749,38.55,38.46,38.447,16.376,16.606,31.882,32.172,21.607,21.183,38.759,38.841,30.806,30.657,26.532,26.514,29.633,29.505,21.255,NA,16.461,18.443,18.421,31.42,31.502,18.916,18.631,25.023,24.908,16.869,16.88,15.5,15.551,24.304,24.541,31.265,31.265,36.082,35.863,26.971,36.186,35.931,38.756,39.214,21.594,22.198,17.535,17.453,17.974,17.822,38.126,38.395
"1994",21.406,21.861,22.914,23.332,20.327,20.625,25.088,25.667,20.023,19.766,26.528,26.616,20.821,20.521,27.016,27.167,24.818,24.901,22.958,25.918,26.167,18.499,18.454,30.239,30.473,20.064,19.723,18.722,19.197,14.026,14.049,25.142,24.887,18.402,NA,32.613,32.898,23.902,23.837,27.472,27.347,NA,10.558,10.32,10.162,9.951,30.024,30.372,21.342,21.307,23.963,23.258,32.461,32.728,17.21,17.583,9.803,9.893,28.352,28.226,18.898,NA,16.442,22.872,22.992,14.015,14.022,21.099,21.163,14.035,29.135,29.192,11.357,11.683,25.936,25.692,24.948,24.403,26.156,26.684,34.56,33.788,30.265,30.838,30.412,30.336,36.871,36.35,24.579,24.887,31.234,32.194,33.17,33.086,23.442,23.585,26.599,26.428,34.727,35.271,26.837,26.567,17.281,NA,11.639,21.236,21.818,20.081,20.186,21.362,21.338,28.262,28.689,21.448,21.675,38.33,38.288,38.169,16.351,16.559,31.579,31.873,21.447,21.13,38.455,38.585,30.7,30.542,26.488,26.459,29.555,29.413,21.203,NA,16.369,18.396,18.379,31.263,31.34,18.81,18.496,24.933,24.816,16.843,16.836,15.456,15.488,24.216,24.454,31.219,31.176,35.835,35.587,26.937,35.971,35.711,38.572,39.043,21.377,22.068,17.391,17.362,17.913,17.743,37.98,38.226
"1993",21.295,21.785,22.762,23.212,20.263,20.578,25.024,25.599,19.95,19.683,26.4,26.513,20.764,20.441,26.899,27.036,24.705,24.795,22.902,25.813,26.048,18.409,18.422,30.123,30.389,19.989,19.579,18.639,19.119,13.998,14.023,25.083,24.788,18.345,NA,32.49,32.797,23.882,23.799,27.397,27.228,NA,10.534,10.286,10.127,9.883,29.825,30.236,21.298,21.244,23.895,23.128,32.34,32.619,17.046,17.523,9.764,9.874,28.19,28.078,18.833,NA,16.362,22.793,22.904,13.99,14.001,21.064,21.135,13.851,29.003,29.038,11.328,11.682,25.88,25.582,24.861,24.26,26.066,26.634,34.451,33.648,30.095,30.728,30.33,30.268,36.729,36.176,24.549,24.879,31.131,32.12,33.063,32.993,23.375,23.547,26.548,26.361,34.61,35.172,26.717,26.383,17.264,NA,11.622,21.177,21.782,20.01,20.083,21.297,21.299,28.125,28.593,21.356,21.618,38.17,38.133,37.97,16.315,16.513,31.326,31.704,21.283,21.003,38.233,38.402,30.632,30.459,26.454,26.42,29.501,29.334,21.17,NA,16.326,18.381,18.356,31.174,31.252,18.721,18.387,24.877,24.758,16.827,16.811,15.421,15.461,24.132,24.39,31.193,31.11,35.64,35.31,26.913,35.811,35.56,38.427,38.921,21.215,21.984,17.237,17.269,17.867,17.699,37.872,38.142
"1992",21.164,21.699,22.658,23.084,20.183,20.528,24.962,25.523,19.884,19.598,26.291,26.384,20.721,20.376,26.791,26.939,24.597,24.673,22.821,25.636,25.914,18.265,18.38,30.034,30.283,19.89,19.453,18.583,19.074,13.963,13.989,25.012,24.722,18.278,NA,32.352,32.649,23.851,23.761,27.31,27.091,NA,10.501,10.246,10.107,9.837,29.657,30.106,21.247,21.176,23.806,23.034,32.229,32.537,16.969,17.452,9.734,9.86,28.012,27.927,18.77,NA,16.273,22.693,22.805,13.974,13.988,21.045,21.106,13.778,28.851,28.886,11.273,11.681,25.803,25.486,24.763,24.134,25.964,26.561,34.363,33.505,29.89,30.622,30.267,30.214,36.498,35.971,24.511,24.867,31.03,32.046,32.932,32.86,23.316,23.509,26.507,26.325,34.465,35.076,26.589,26.174,17.229,NA,11.605,21.123,21.754,19.945,20.012,21.264,21.271,27.994,28.516,21.304,21.567,38.007,37.998,37.767,16.284,16.456,31.099,31.5,21.159,20.909,38.023,38.278,30.557,30.37,26.403,26.335,29.43,29.236,21.129,NA,16.283,18.354,18.343,31.073,31.183,18.623,18.284,24.81,24.698,16.814,16.794,15.385,15.432,24.06,24.314,31.162,31.042,35.458,35.09,26.872,35.652,35.358,38.279,38.781,21.085,21.897,17.11,17.18,17.828,17.657,37.73,38.053
"1991",21.024,21.594,22.536,22.942,20.127,20.455,24.886,25.463,19.795,19.505,26.144,26.252,20.683,20.311,26.688,26.845,24.461,24.531,22.744,25.466,25.75,18.151,18.334,29.924,30.154,19.771,19.372,18.511,19.044,13.936,13.965,24.917,24.637,18.228,NA,32.234,32.501,23.808,23.717,27.185,26.922,NA,10.455,10.226,10.076,9.771,29.484,29.942,21.167,21.094,23.665,22.86,32.118,32.44,16.877,17.375,9.701,9.847,27.795,27.734,18.691,NA,16.214,22.593,22.692,13.96,13.975,21.026,21.079,13.738,28.708,28.736,11.196,11.68,25.68,25.388,24.667,24,25.855,26.456,34.25,33.355,29.677,30.514,30.182,30.12,36.272,35.756,24.464,24.844,30.873,31.956,32.78,32.72,23.209,23.454,26.47,26.295,34.325,34.961,26.439,25.915,17.199,NA,11.573,21.053,21.723,19.89,19.934,21.239,21.234,27.856,28.431,21.227,21.481,37.886,37.863,37.621,16.255,16.411,30.788,31.225,21.096,20.848,37.871,38.148,30.46,30.299,26.326,26.239,29.327,29.156,21.104,NA,16.252,18.328,18.327,30.94,31.079,18.532,18.166,24.732,24.61,16.802,16.774,15.341,15.398,23.99,24.236,31.089,30.94,35.247,34.847,26.859,35.427,35.14,38.075,38.654,21.001,21.851,17.036,17.098,17.776,17.607,37.585,37.938
"1990",20.868,21.478,22.452,22.817,20.086,20.42,24.806,25.416,19.704,19.396,25.97,26.075,20.61,20.22,26.574,26.725,24.332,24.439,22.67,25.308,25.613,18.083,18.276,29.773,30.032,19.708,19.326,18.439,18.98,13.919,13.953,24.816,24.575,18.199,NA,32.139,32.404,23.76,23.681,27.068,26.798,NA,10.414,10.201,10.046,9.731,29.33,29.804,21.078,21.007,23.561,22.714,32.025,32.36,16.777,17.301,9.677,9.84000000000001,27.633,27.571,18.639,NA,16.171,22.509,22.636,13.937,13.959,20.986,21.031,13.71,28.526,28.575,11.15,11.679,25.561,25.263,24.548,23.865,25.746,26.373,34.131,33.214,29.498,30.39,30.036,29.997,36.093,35.512,24.424,24.824,30.76,31.885,32.606,32.584,23.156,23.422,26.416,26.254,34.199,34.864,26.28,25.702,17.166,NA,11.537,20.956,21.687,19.789,19.848,21.171,21.145,27.714,28.318,21.153,21.409,37.742,37.73,37.447,16.244,16.397,30.51,30.999,21.053,20.765,37.676,37.974,30.366,30.195,26.262,26.135,29.245,29.072,21.058,NA,16.223,18.309,18.316,30.826,30.959,18.427,18.06,24.674,24.531,16.797,16.744,15.287,15.342,23.927,24.178,30.988,30.836,34.975,34.554,26.837,35.225,34.972,37.843,38.521,20.913,21.791,16.974,17.047,17.734,17.549,37.503,37.816
"1989",20.74,21.408,22.377,22.728,20.066,20.384,24.745,25.359,19.64,19.331,25.859,25.947,20.555,20.141,26.47,26.611,24.255,24.378,22.649,25.212,25.509,18.005,18.203,29.627,29.932,19.68,19.3,18.406,18.936,13.914,13.943,24.767,24.531,18.177,NA,32.081,32.331,23.708,23.637,26.998,26.69,NA,10.394,10.185,10.016,9.691,29.204,29.702,20.997,20.942,23.479,22.588,31.943,32.277,16.654,17.245,9.654,9.82400000000001,27.484,27.443,18.593,NA,16.137,22.437,22.584,13.934,13.946,20.953,20.988,13.676,28.371,28.423,11.12,11.665,25.492,25.159,24.474,23.731,25.657,26.3,34.041,33.09,29.326,30.284,29.946,29.91,35.956,35.344,24.373,24.809,30.702,31.819,32.468,32.459,23.097,23.382,26.378,26.209,34.056,34.765,26.159,25.518,17.124,NA,11.503,20.885,21.642,19.715,19.787,21.121,21.075,27.592,28.229,21.094,21.357,37.602,37.612,37.287,16.224,16.379,30.323,30.839,21.029,20.747,37.535,37.82,30.31,30.135,26.179,26.046,29.171,29.018,21.034,NA,16.2,18.281,18.296,30.761,30.866,18.321,17.952,24.64,24.493,16.778,16.713,15.245,15.3,23.886,24.134,30.91,30.763,34.696,34.251,26.821,35.064,34.831,37.656,38.369,20.812,21.723,16.929,16.996,17.7,17.51,37.388,37.707
"1988",20.682,21.365,22.336,22.677,20.048,20.358,24.696,25.321,19.6,19.291,25.82,25.885,20.514,20.089,26.399,26.557,24.189,24.329,22.629,25.156,25.45,17.965,18.167,29.549,29.881,19.67,19.282,18.387,18.909,13.905,13.938,24.741,24.501,18.156,NA,32.048,32.289,23.681,23.613,26.944,26.626,NA,10.387,10.166,10.006,9.674,29.124,29.629,20.955,20.909,23.421,22.489,31.877,32.22,16.557,17.21,9.64,9.82000000000001,27.373,27.339,18.547,NA,16.114,22.394,22.536,13.904,13.936,20.935,20.955,13.661,28.266,28.342,11.096,11.661,25.444,25.07,24.413,23.646,25.589,26.217,33.936,32.963,29.188,30.206,29.862,29.814,35.863,35.18,24.372,24.794,30.634,31.739,32.371,32.355,23.056,23.356,26.358,26.191,33.964,34.674,26.086,25.424,17.099,NA,11.466,20.818,21.592,19.658,19.758,21.058,21.002,27.503,28.166,21.028,21.312,37.467,37.431,37.093,16.199,16.371,30.144,30.703,20.969,20.682,37.263,37.668,30.262,30.065,26.113,25.976,29.11,28.974,20.987,NA,16.125,18.218,18.24,30.646,30.808,18.258,17.889,24.58,24.422,16.751,16.695,15.208,15.264,23.835,24.091,30.814,30.639,34.434,33.931,26.797,34.947,34.677,37.545,38.282,20.718,21.67,16.875,16.942,17.658,17.472,37.274,37.624
"1987",20.542,21.226,22.213,22.536,19.968,20.268,24.609,25.218,19.513,19.204,25.714,25.781,20.403,19.95,26.229,26.411,24.058,24.218,22.538,25.024,25.308,17.857,18.079,29.37,29.707,19.58,19.2,18.294,18.861,13.869,13.896,24.657,24.417,18.105,NA,31.928,32.17,23.619,23.558,26.804,26.472,NA,10.321,10.075,9.96,9.616,28.882,29.448,20.86,20.824,23.304,22.304,31.776,32.108,16.509,17.131,9.58,9.79800000000001,27.158,27.115,18.457,NA,16.023,22.269,22.426,13.87,13.903,20.863,20.883,13.578,28.038,28.154,11.037,11.643,25.316,24.886,24.29,23.478,25.415,26.089,33.742,32.757,29.004,30.004,29.712,29.668,35.652,34.92,24.24,24.736,30.458,31.57,32.176,32.163,22.972,23.299,26.276,26.102,33.776,34.457,25.964,25.306,17.041,NA,11.4,20.723,21.508,19.531,19.669,20.884,20.841,27.343,28.028,20.891,21.221,37.305,37.181,36.864,16.102,16.302,29.822,30.393,20.813,20.544,37.008,37.462,30.076,29.951,26.044,25.828,28.948,28.839,20.909,NA,16.063,18.16,18.192,30.433,30.706,18.128,17.77,24.471,24.305,16.696,16.651,15.152,15.205,23.669,24.019,30.664,30.467,34.133,33.491,26.72,34.759,34.477,37.365,38.13,20.615,21.572,16.757,16.843,17.559,17.39,37.051,37.487
"1986",20.361,21.119,22.094,22.423,19.853,20.152,24.518,25.127,19.436,19.113,25.596,25.649,20.31,19.837,26.112,26.258,23.937,24.108,22.408,24.885,25.157,17.734,17.991,29.15,29.575,19.491,19.114,18.191,18.803,13.816,13.825,24.573,24.315,18.018,NA,31.827,32.078,23.565,23.498,26.668,26.355,NA,10.271,10.016,9.901,9.535,28.708,29.298,20.754,20.725,23.18,22.15,31.709,31.995,16.409,17.061,9.508,9.76800000000001,26.96,26.96,18.358,NA,15.938,22.125,22.332,13.812,13.864,20.763,20.789,13.506,27.852,28.018,11.017,11.602,25.19,24.734,24.187,23.317,25.267,25.99,33.591,32.566,28.814,29.859,29.563,29.518,35.444,34.683,24.114,24.668,30.268,31.452,32.032,32.024,22.918,23.211,26.186,25.993,33.61,34.289,25.798,25.13,16.977,NA,11.337,20.607,21.431,19.466,19.591,20.725,20.723,27.167,27.883,20.733,21.133,37.135,37.007,36.707,16.007,16.223,29.581,30.159,20.663,20.307,36.851,37.288,29.942,29.836,25.979,25.718,28.827,28.735,20.845,NA,15.947,18.092,18.126,30.279,30.573,17.985,17.676,24.307,24.192,16.631,16.587,15.109,15.147,23.504,23.932,30.538,30.343,33.857,33.195,26.647,34.571,34.271,37.164,37.924,20.503,21.466,16.635,16.765,17.468,17.274,36.9,37.35
"1985",20.137,20.949,21.961,22.263,19.689,19.992,24.411,25.018,19.312,19.016,25.423,25.471,20.152,19.693,25.926,26.082,23.751,23.937,22.249,24.685,24.963,17.587,17.895,28.933,29.407,19.349,18.97,18.022,18.707,13.719,13.757,24.428,24.193,17.919,NA,31.656,31.936,23.491,23.404,26.463,26.184,NA,10.179,9.922,9.817,9.438,28.457,29.104,20.635,20.569,23.039,21.962,31.567,31.868,16.273,16.944,9.43300000000001,9.73800000000001,26.786,26.746,18.251,NA,15.843,21.888,22.185,13.772,13.803,20.635,20.695,13.407,27.626,27.777,10.98,11.546,25.039,24.576,24.062,23.142,25.009,25.855,33.42,32.318,28.561,29.686,29.385,29.345,35.209,34.438,23.956,24.62,30.022,31.301,31.889,31.903,22.809,23.153,26.029,25.81,33.353,34.071,25.597,24.908,16.902,NA,11.264,20.468,21.354,19.38,19.501,20.604,20.502,26.963,27.703,20.574,21.04,36.939,36.81,36.499,15.84,16.072,29.228,29.864,20.355,20.001,36.583,37.028,29.72,29.617,25.876,25.585,28.658,28.563,20.755,NA,15.851,18.032,18.078,30.038,30.392,17.817,17.551,24.183,23.995,16.533,16.477,15.062,15.072,23.302,23.821,30.406,30.247,33.526,32.733,26.516,34.327,33.982,36.923,37.708,20.356,21.324,16.513,16.633,17.339,17.138,36.719,37.207
"1984",19.907,20.782,21.845,22.099,19.537,19.822,24.31,24.926,19.208,18.931,25.242,25.302,20.019,19.553,25.735,25.905,23.535,23.746,22.14,24.487,24.776,17.448,17.781,28.738,29.249,19.209,18.859,17.873,18.63,13.653,13.706,24.301,24.077,17.837,NA,31.454,31.795,23.413,23.312,26.234,25.978,NA,10.101,9.842,9.728,9.282,28.246,28.951,20.532,20.459,22.915,21.794,31.448,31.783,16.146,16.85,9.35900000000001,9.70200000000001,26.518,26.531,18.157,NA,15.704,21.7,22.066,13.745,13.762,20.535,20.577,13.334,27.356,27.548,10.952,11.511,24.899,24.425,23.931,22.918,24.78,25.704,33.221,32.103,28.345,29.55,29.185,29.133,34.979,34.146,23.779,24.571,29.768,31.175,31.746,31.762,22.709,23.094,25.888,25.672,33.101,33.856,25.36,24.679,16.806,NA,11.188,20.322,21.278,19.295,19.421,20.45,20.306,26.736,27.538,20.417,20.959,36.774,36.604,36.306,15.688,15.913,28.83,29.612,20.071,19.749,36.307,36.712,29.538,29.429,25.799,25.449,28.487,28.383,20.682,NA,15.767,17.99,18.038,29.818,30.169,17.659,17.413,24.056,23.825,16.445,16.384,15.015,15.016,23.11,23.685,30.254,30.121,33.247,32.353,26.417,34.081,33.744,36.692,37.516,20.15,21.201,16.383,16.535,17.192,17.025,36.543,37.066
"1983",19.741,20.658,21.751,21.992,19.408,19.717,24.233,24.859,19.117,18.853,25.14,25.203,19.909,19.446,25.642,25.772,23.413,23.62,22.048,24.381,24.674,17.335,17.689,28.57,29.154,19.096,18.797,17.746,18.563,13.609,13.676,24.212,23.993,17.779,NA,31.319,31.695,23.354,23.268,26.111,25.862,NA,10.031,9.779,9.667,9.205,28.098,28.844,20.456,20.378,22.811,21.673,31.367,31.695,16.049,16.773,9.32100000000001,9.67900000000001,26.314,26.389,18.078,NA,15.615,21.544,21.981,13.684,13.727,20.451,20.489,13.3,27.22,27.404,10.945,11.485,24.809,24.321,23.892,22.753,24.621,25.624,33.065,31.956,28.212,29.443,29.045,29.005,34.78,33.921,23.646,24.536,29.579,31.08,31.632,31.668,22.651,23.061,25.753,25.56,32.945,33.699,25.202,24.488,16.734,NA,11.129,20.212,21.218,19.223,19.364,20.313,20.153,26.591,27.446,20.265,20.879,36.61,36.444,36.165,15.551,15.783,28.595,29.37,19.888,19.546,36.164,36.527,29.372,29.286,25.733,25.347,28.37,28.242,20.628,NA,15.636,17.904,17.978,29.657,30.003,17.535,17.282,23.951,23.702,16.384,16.306,14.962,14.975,22.994,23.601,30.145,29.993,32.934,32.084,26.332,33.834,33.529,36.5,37.374,20.01,21.11,16.243,16.461,17.072,16.91,36.38,36.896
"1982",19.51,20.468,21.631,21.847,19.2,19.566,24.114,24.772,18.976,18.734,24.944,25.064,19.793,19.302,25.47,25.614,23.191,23.405,21.904,24.23,24.501,17.153,17.59,28.389,29.032,19.007,18.698,17.593,18.47,13.525,13.59,24.082,23.871,17.704,NA,31.093,31.523,23.266,23.18,25.904,25.658,NA,9.94800000000001,9.683,9.604,9.099,27.889,28.648,20.341,20.257,22.685,21.55,31.242,31.561,15.901,16.678,9.23400000000001,9.62500000000001,26.131,26.202,17.962,NA,15.468,21.371,21.855,13.634,13.664,20.337,20.368,13.266,27.009,27.223,10.859,11.441,24.695,24.206,23.775,22.593,24.431,25.478,32.874,31.733,28.006,29.294,28.868,28.809,34.496,33.593,23.464,24.493,29.334,30.931,31.506,31.528,22.537,22.986,25.573,25.406,32.713,33.501,25.039,24.277,16.626,NA,11.049,20.068,21.129,19.13,19.291,20.191,20.011,26.376,27.316,20.122,20.778,36.397,36.235,35.976,15.365,15.614,28.215,29.087,19.662,19.293,35.964,36.259,29.201,29.065,25.629,25.257,28.209,28.076,20.567,NA,15.54,17.816,17.932,29.462,29.775,17.395,17.179,23.827,23.556,16.308,16.207,14.906,14.898,22.852,23.481,30.007,29.856,32.621,31.784,26.154,33.563,33.212,36.276,37.195,19.809,20.983,16.099,16.341,16.947,16.785,36.134,36.682
"1981",19.312,20.351,21.475,21.708,19.01,19.422,24.027,24.714,18.865,18.629,24.833,24.949,19.663,19.163,25.336,25.442,22.998,23.279,21.792,24.095,24.358,17.051,17.517,28.338,28.918,18.937,18.631,17.466,18.411,13.448,13.51,23.95,23.767,17.615,NA,30.928,31.401,23.214,23.114,25.768,25.489,NA,9.86300000000001,9.592,9.569,9.01,27.687,28.419,20.255,20.13,22.584,21.48,31.157,31.476,15.78,16.575,9.181,9.59100000000001,25.929,25.999,17.857,NA,15.356,21.242,21.779,13.596,13.616,20.269,20.267,13.214,26.784,27.043,10.784,11.42,24.601,24.077,23.665,22.396,24.294,25.361,32.682,31.545,27.802,29.153,28.709,28.65,34.223,33.341,23.331,24.418,29.135,30.747,31.357,31.379,22.46,22.934,25.441,25.251,32.521,33.357,24.888,24.116,16.535,NA,10.966,19.959,21.038,19.07,19.221,20.08,19.838,26.194,27.181,19.965,20.686,36.235,36.049,35.8,15.205,15.431,27.877,28.797,19.498,19.052,35.775,36.11,28.991,28.843,25.566,25.167,28.046,27.925,20.515,NA,15.418,17.732,17.884,29.286,29.597,17.29,17.079,23.738,23.433,16.275,16.147,14.866,14.832,22.72,23.372,29.856,29.695,32.232,31.36,25.962,33.353,32.969,36.098,37.016,19.641,20.895,15.968,16.23,16.851,16.664,35.942,36.555
"1980",19.165,20.226,21.379,21.63,18.864,19.293,23.972,24.676,18.777,18.546,24.712,24.855,19.545,19.079,25.209,25.304,22.853,23.146,21.689,23.971,24.218,16.973,17.438,28.251,28.808,18.855,18.537,17.341,18.353,13.357,13.424,23.831,23.663,17.532,NA,30.795,31.301,23.158,23.042,25.675,25.337,NA,9.81500000000001,9.503,9.54,8.923,27.504,28.279,20.169,20.039,22.474,21.399,31.07,31.417,15.708,16.483,9.16400000000001,9.56700000000001,25.744,25.862,17.802,NA,15.253,21.115,21.687,13.538,13.579,20.214,20.188,13.167,26.583,26.874,NA,11.402,24.506,23.973,23.565,22.246,24.165,25.283,32.521,31.316,27.573,29.029,28.528,28.458,33.966,33.113,23.208,24.362,28.971,30.577,31.231,31.258,22.384,22.867,25.278,25.079,32.317,33.218,24.697,23.961,16.458,NA,10.908,19.893,20.964,19.016,19.181,19.977,19.682,26.017,27.037,19.845,20.582,36.079,35.869,35.65,15.086,15.285,27.669,28.5,19.337,18.908,35.644,35.959,28.842,28.685,25.447,25.055,27.88,27.767,20.442,NA,15.324,17.674,17.856,29.131,29.425,17.222,17,23.64,23.301,16.245,16.114,14.825,14.771,22.587,23.285,29.693,29.542,31.888,30.907,25.836,33.205,32.817,35.955,36.854,19.502,20.817,15.866,16.139,16.757,16.587,35.796,36.429
"1979",18.992,20.048,21.229,21.499,18.7,19.134,23.884,24.589,18.667,18.449,24.583,24.731,19.418,18.947,25.086,25.197,22.705,23.024,21.584,23.847,24.104,16.836,17.364,28.129,28.683,18.709,18.423,17.197,18.26,13.275,13.365,23.684,23.567,17.474,NA,30.624,31.177,23.092,22.987,25.498,25.123,NA,9.75100000000001,9.442,9.518,8.846,27.299,28.112,20.075,19.941,22.383,21.279,30.962,31.317,15.637,16.413,9.11800000000001,9.52700000000001,25.551,25.723,17.738,NA,15.16,20.993,21.619,13.458,13.521,20.115,20.078,13.128,26.361,26.69,NA,11.357,24.401,23.852,23.455,22.11,24.036,25.183,32.386,31.151,27.352,28.88,28.357,28.311,33.765,32.829,23.076,24.281,28.832,30.421,31.066,31.079,22.329,22.807,25.102,24.87,32.116,33.038,24.501,23.737,16.391,NA,10.854,19.825,20.886,18.965,19.088,19.862,19.554,25.893,26.928,19.704,20.498,35.948,35.742,35.52,14.971,15.113,27.439,28.236,19.14,18.716,35.482,35.806,28.671,28.508,25.368,24.913,27.77,27.631,20.366,NA,15.195,17.608,17.82,28.948,29.231,17.195,16.936,23.563,23.168,16.203,16.082,14.79,14.717,22.449,23.182,29.548,29.415,31.559,30.5,25.69,33.032,32.635,35.775,36.707,19.393,20.746,15.763,16.034,16.682,16.492,35.633,36.307
"1978",18.745,19.828,21.042,21.322,18.512,18.971,23.785,24.495,18.52,18.305,24.413,24.568,19.301,18.797,24.924,24.999,22.488,22.782,21.439,23.65,23.891,16.662,17.253,27.974,28.517,18.553,18.262,17.041,18.142,13.192,13.287,23.601,23.431,17.382,NA,30.401,31.024,23.011,22.88,25.333,24.923,NA,9.65800000000001,9.329,9.5,8.757,27.011,27.883,19.935,19.807,22.24,21.137,30.82,31.148,15.549,16.311,9.017,9.46800000000001,25.298,25.455,17.632,NA,15.012,20.88,21.509,13.386,13.44,19.964,19.962,13.081,26.108,26.513,NA,11.27,24.271,23.73,23.329,21.949,23.869,25.018,32.149,30.937,27.095,28.692,28.145,28.116,33.524,32.532,22.9,24.182,28.566,30.222,30.907,30.927,22.21,22.703,24.928,24.657,31.87,32.865,24.267,23.584,16.287,NA,10.786,19.729,20.794,18.89,18.985,19.74,19.366,25.727,26.823,19.547,20.431,35.758,35.553,35.34,14.8,14.916,27.19,27.934,18.957,18.459,35.366,35.715,28.469,28.284,25.265,24.782,27.589,27.448,20.298,NA,15.091,17.577,17.795,28.792,29.043,17.178,16.892,23.415,23.034,16.146,16.023,14.731,14.655,22.272,23.042,29.406,29.285,31.267,30.065,25.498,32.822,32.361,35.52,36.519,19.248,20.655,15.647,15.929,16.541,16.394,35.425,36.139
"1977",18.556,19.678,20.88,21.212,18.358,18.841,23.701,24.428,18.376,18.153,24.236,24.396,19.195,18.665,24.789,24.832,22.275,22.589,21.336,23.438,23.716,16.518,17.139,27.828,28.377,18.447,18.159,16.89,18.046,13.138,13.227,23.53,23.337,17.314,NA,30.224,30.886,22.946,22.788,25.174,24.771,NA,9.58900000000001,9.216,9.491,8.708,26.782,27.659,19.826,19.697,22.102,20.972,30.672,30.997,15.438,16.228,8.94200000000001,9.40700000000001,25.064,25.249,17.553,NA,14.85,20.746,21.389,13.354,13.397,19.84,19.838,13.06,25.983,26.342,NA,11.228,24.138,23.619,23.176,21.786,23.63,24.875,31.951,30.744,26.878,28.484,27.996,27.906,33.368,32.241,22.733,24.059,28.309,30.039,30.715,30.741,22.133,22.638,24.782,24.437,31.684,32.685,24.05,23.446,16.215,NA,10.719,19.613,20.724,18.838,18.928,19.641,19.257,25.553,26.716,19.348,20.363,35.612,35.414,35.212,14.678,14.776,26.946,27.69,18.767,18.231,35.176,35.528,28.247,28.072,25.166,24.621,27.389,27.258,20.17,NA,14.999,17.568,17.79,28.621,28.888,17.109,16.824,23.288,22.878,16.071,15.954,14.687,14.579,22.092,22.934,29.238,29.159,30.968,29.72,25.317,32.591,32.109,35.244,36.341,19.188,20.567,15.553,15.843,16.44,16.266,35.235,35.975
"1976",18.377,19.586,20.786,21.148,18.307,18.81,23.636,24.392,18.312,18.057,24.125,24.287,19.148,18.6,24.694,24.777,22.152,22.474,21.275,23.331,23.603,16.43,17.07,27.724,28.289,18.378,18.104,16.789,17.976,13.103,13.189,23.439,23.276,17.271,NA,30.102,30.819,22.916,22.735,25.096,24.669,NA,9.53400000000001,9.154,9.482,8.695,26.545,27.471,19.721,19.621,22.034,20.886,30.578,30.935,15.384,16.188,8.88600000000001,9.36800000000001,24.938,25.129,17.532,NA,14.743,20.685,21.348,13.337,13.385,19.781,19.76,13.054,25.905,26.224,NA,11.199,24.052,23.546,23.103,21.662,23.474,24.812,31.807,30.562,26.746,28.374,27.858,27.78,33.238,32.056,22.623,24.003,28.176,29.95,30.611,30.663,22.058,22.585,24.712,24.328,31.554,32.59,23.93,23.332,16.184,NA,10.666,19.542,20.673,18.794,18.858,19.566,19.18,25.475,26.639,19.23,20.302,35.518,35.29,35.122,14.556,14.663,26.753,27.413,18.662,18.099,35.035,35.385,28.077,27.91,25.098,24.545,27.263,27.127,20.098,NA,14.882,17.532,17.755,28.512,28.793,17.035,16.738,23.198,22.787,16.016,15.906,14.676,14.539,21.98,22.865,29.1,29.048,30.692,29.398,25.161,32.438,31.949,35.067,36.201,19.157,20.538,15.483,15.814,16.39,16.143,35.11,35.862
"1975",18.205,19.449,20.725,21.075,18.259,18.769,23.577,24.335,18.249,17.987,24.032,24.187,19.098,18.523,24.639,24.711,22.038,22.338,21.226,23.225,23.494,16.343,16.991,27.641,28.217,18.29,18.011,16.709,17.908,13.03,13.141,23.358,23.211,17.192,NA,29.97,30.735,22.891,22.693,25.001,24.57,NA,9.47200000000001,9.105,9.47,8.649,26.398,27.318,19.638,19.544,21.955,20.789,30.498,30.87,15.358,16.157,8.80400000000001,9.32600000000001,24.824,25.015,17.486,NA,14.683,20.642,21.303,13.311,13.359,19.714,19.668,13.038,25.83,26.135,NA,11.171,23.972,23.468,23.038,21.602,23.33,24.732,31.635,30.386,26.574,28.202,27.729,27.624,33.078,31.868,22.484,23.92,28.056,29.819,30.448,30.544,21.98,22.521,24.599,24.161,31.341,32.45,23.729,23.125,16.126,NA,10.591,19.471,20.623,18.727,18.776,19.47,19.101,25.307,26.502,19.09,20.209,35.384,35.116,34.991,14.432,14.574,26.534,27.151,18.539,17.966,34.799,35.145,27.922,27.758,24.997,24.422,27.158,26.987,20.007,NA,14.712,17.45,17.699,28.372,28.667,16.946,16.635,23.069,22.651,15.959,15.835,14.645,14.494,21.88,22.788,28.942,28.872,30.423,29.059,24.979,32.262,31.735,34.864,36.045,19.096,20.486,15.384,15.736,NA,16.08,34.946,35.71
"1974",17.885,19.228,20.608,20.899,18.182,18.702,23.45,24.22,18.064,17.827,23.81,24.023,18.996,18.371,24.522,24.587,21.769,22.123,21.123,23.016,23.268,16.192,16.853,27.481,28.076,18.167,17.869,16.56,17.798,12.935,13.067,23.177,23.106,17.065,NA,29.725,30.519,22.812,22.589,24.79,24.38,NA,9.36900000000001,8.98,9.397,8.548,26.204,27.103,19.473,19.414,21.8,20.613,30.34,30.759,15.305,16.093,8.68100000000001,9.24500000000001,24.648,24.838,17.382,NA,14.589,20.44,21.182,13.244,13.294,19.559,19.557,12.952,25.712,25.97,NA,11.087,23.806,23.281,22.895,21.414,23.102,24.608,31.392,30.135,26.325,27.955,27.531,27.408,32.832,31.607,22.316,23.787,27.783,29.617,30.199,30.278,21.831,22.391,24.368,23.936,31.029,32.211,23.479,22.822,16.026,NA,10.525,19.354,20.508,18.652,18.655,19.343,18.994,25.144,26.303,18.91,20.096,35.236,34.913,34.823,14.285,14.408,26.209,26.821,18.368,17.773,34.532,34.778,27.718,27.572,24.787,24.226,26.955,26.76,19.869,NA,14.642,17.419,17.671,28.201,28.52,16.809,16.484,22.928,22.532,15.887,15.734,14.571,14.416,21.742,22.621,28.761,28.68,30.05,28.664,24.725,32.056,31.43,34.534,35.769,18.978,20.389,15.297,15.646,NA,16.051,34.658,35.433
"1973",17.692,19.051,20.528,20.844,18.155,18.689,23.382,24.182,18.019,17.756,23.673,23.913,18.941,18.301,24.472,24.543,21.599,21.986,21.067,22.897,23.105,16.111,16.759,27.395,27.988,18.059,17.783,16.438,17.745,12.909,13.045,23.071,23.036,16.961,NA,29.612,30.44,22.762,22.532,24.686,24.226,NA,9.28100000000001,8.887,9.322,8.447,26.106,27.037,19.372,19.346,21.71,20.505,30.27,30.701,15.266,16.05,8.63900000000001,9.22200000000001,24.553,24.695,17.335,NA,14.56,20.369,21.128,13.195,13.251,19.501,19.48,12.931,25.655,25.859,NA,11.059,23.695,23.19,22.819,21.321,23.035,24.55,31.236,29.997,26.139,27.781,27.361,27.241,32.62,31.388,22.166,23.683,27.6,29.507,30.029,30.158,21.713,22.349,24.269,23.827,30.855,32.039,23.319,22.642,15.971,NA,10.476,19.303,20.466,18.602,18.571,19.272,18.911,25.053,26.196,18.765,20.013,35.078,34.712,34.654,14.091,14.232,26.007,26.601,18.233,17.626,34.242,34.465,27.543,27.419,24.703,24.113,26.843,26.638,19.807,NA,14.543,17.356,17.597,28.079,28.382,16.727,16.399,22.855,22.421,15.832,15.684,14.535,14.383,21.599,22.502,28.6,28.545,29.734,28.335,24.462,31.888,31.2,34.309,35.55,18.862,20.287,15.248,15.587,NA,16.025,34.484,35.243
"1972",17.384,18.845,20.437,20.754,18.104,18.652,23.276,24.107,17.974,17.719,23.5,23.774,18.885,18.192,24.383,24.524,21.467,21.921,20.993,22.704,22.938,15.991,16.705,27.255,27.826,17.919,17.716,16.266,17.679,12.881,13.015,22.937,22.951,16.854,NA,29.403,30.354,22.657,22.444,24.514,24.05,NA,9.19400000000001,8.781,9.244,8.361,26.041,26.982,19.231,19.242,21.616,20.398,30.166,30.635,15.214,15.981,8.57900000000001,9.18700000000001,24.367,24.536,17.28,NA,14.524,20.23,21.036,13.115,13.201,19.404,19.371,12.88,25.589,25.736,NA,11.031,23.629,23.086,22.75,21.216,22.906,24.45,31.042,29.809,25.883,27.589,27.192,27.021,32.4,31.148,22.001,23.553,27.37,29.333,29.807,29.984,21.583,22.279,24.115,23.691,30.596,31.845,23.216,22.578,15.902,NA,10.421,19.2,20.387,18.528,18.478,19.176,18.832,24.929,26.082,18.633,19.931,34.962,34.486,34.526,13.868,14.074,25.796,26.33,18.014,17.33,33.989,34.253,27.334,27.221,24.547,23.969,26.63,26.443,19.745,NA,14.466,17.303,17.53,28.004,28.279,16.603,16.281,22.722,22.315,15.773,15.601,14.486,14.335,21.448,22.375,28.461,28.444,29.385,27.974,24.2,31.644,30.956,33.957,35.254,18.713,20.173,15.202,15.526,NA,16.004,34.233,35.008
"1971",17.22,18.732,20.382,20.711,18.043,18.58,23.184,24.07,17.96,17.697,23.456,23.666,18.81,18.073,24.31,24.425,21.371,21.857,20.931,22.6,22.848,15.931,16.694,27.126,27.707,17.837,17.64,16.164,17.641,12.84,12.988,22.81,22.9,16.797,NA,29.259,30.264,22.613,22.391,24.389,23.957,NA,9.14900000000001,8.722,9.171,8.283,25.944,26.95,19.142,19.183,21.551,20.344,30.109,30.579,15.121,15.892,8.55200000000001,9.17700000000001,24.238,24.423,17.25,NA,14.494,20.186,20.999,13.084,13.176,19.349,19.316,12.812,25.475,25.595,NA,11.013,23.555,22.995,22.681,21.128,22.743,24.366,30.86,29.625,25.636,27.355,26.984,26.8,32.215,30.923,21.883,23.466,27.197,29.175,29.585,29.812,21.508,22.242,24.005,23.563,30.396,31.685,23.104,22.503,15.855,NA,10.381,19.121,20.337,18.471,18.405,19.122,18.764,24.758,25.96,18.522,19.85,34.804,34.28,34.349,13.659,13.915,25.552,25.987,17.879,17.196,33.76,34.097,27.126,27.076,24.433,23.87,26.463,26.297,19.694,NA,14.418,17.258,17.476,27.884,28.177,16.516,16.211,22.645,22.214,15.721,15.529,14.431,14.27,21.31,22.267,28.266,28.274,29.112,27.629,23.983,31.446,30.739,33.754,35.03,18.626,20.09,15.153,15.457,NA,15.939,34.049,34.824
"1970",17.123,18.659,20.363,20.696,18.026,18.549,23.151,24.063,17.957,17.68,23.409,23.628,18.794,18.034,24.291,24.382,21.352,21.822,20.896,22.548,22.812,15.922,16.687,27.069,27.657,17.801,17.593,16.097,17.601,12.823,12.976,22.741,22.858,16.772,NA,29.184,30.203,22.6,22.371,24.325,23.91,NA,9.11100000000001,8.687,9.155,8.256,25.882,26.923,19.089,19.154,21.517,20.319,30.079,30.552,15.081,15.861,8.54000000000001,9.09900000000001,24.192,24.363,17.239,NA,14.492,20.173,20.991,13.074,13.163,19.329,19.295,12.794,25.411,25.527,NA,11.005,23.525,22.956,22.654,21.062,22.68,24.344,30.726,29.518,25.502,27.242,26.869,26.693,32.067,30.785,21.774,23.398,27.071,29.098,29.412,29.682,21.466,22.228,23.936,23.491,30.286,31.608,23.011,22.389,15.832,NA,10.339,19.093,20.301,18.431,18.328,19.096,18.744,24.664,25.871,18.418,19.785,34.702,34.142,34.218,13.49,13.757,25.26,25.627,17.785,17.076,33.584,33.977,26.992,26.996,24.375,23.819,26.413,26.247,19.672,NA,14.417,17.257,17.475,27.796,28.079,16.472,16.134,22.617,22.155,15.69,15.482,14.415,14.242,21.202,22.195,28.107,28.125,28.805,27.285,23.828,31.348,30.628,33.577,34.869,18.549,20.038,15.118,15.403,NA,15.907,33.95,34.715
"1969",16.783,18.437,20.197,20.569,17.89,18.321,23.052,23.955,17.818,17.531,23.191,23.445,18.673,17.825,24.17,24.208,21.178,21.623,20.768,22.351,22.601,15.782,16.619,26.8,27.463,17.636,17.472,15.866,17.464,12.686,12.865,22.556,22.749,16.61,NA,28.928,29.962,22.481,22.231,24.143,23.65,NA,8.99100000000001,8.546,9.034,8.084,25.615,26.729,18.913,18.992,21.384,20.162,29.952,30.419,14.954,15.739,8.45200000000001,9.04800000000001,23.989,24.215,17.158,NA,14.39,20.056,20.874,12.929,13.06,19.214,19.182,12.684,25.193,25.299,NA,10.9,23.402,22.807,22.52,20.861,22.506,24.214,30.465,29.303,25.187,26.962,26.616,26.364,31.749,30.45,21.548,23.221,26.828,28.824,29.157,29.434,21.338,22.137,23.745,23.182,30.064,31.38,22.715,22.052,15.686,NA,10.237,18.935,20.169,18.324,18.18,18.939,18.646,24.437,25.613,18.252,19.671,34.524,33.872,34.057,13.177,13.451,24.808,25.116,17.506,16.629,33.298,33.601,26.691,26.751,24.233,23.664,26.195,26.032,19.56,NA,14.212,17.172,17.344,27.622,27.863,16.258,15.907,22.414,21.895,15.574,15.364,14.337,14.141,21.034,22.062,27.881,27.943,28.293,26.699,23.496,31.083,30.329,33.229,34.594,18.33,19.9,14.983,15.235,NA,15.784,33.624,34.421
"1968",16.573,18.257,20.065,20.447,17.761,18.185,22.957,23.875,17.685,17.399,22.989,23.292,18.583,17.615,24.045,24.059,21.005,21.442,20.621,22.125,22.421,15.682,16.538,26.569,27.234,17.461,17.324,15.624,17.328,12.569,12.76,22.378,22.666,16.447,NA,28.649,29.767,22.388,22.113,23.987,23.482,NA,8.89400000000001,8.435,8.958,7.948,25.377,26.587,18.787,18.872,21.257,20.062,29.794,30.293,14.812,15.613,8.39500000000001,8.96800000000001,23.857,24.103,17.087,NA,14.299,19.916,20.799,12.839,12.947,19.07,19.053,12.606,24.944,25.04,NA,10.816,23.296,22.661,22.41,20.703,22.326,24.129,30.231,29.098,24.891,26.723,26.332,26.102,31.407,30.077,21.355,23.041,26.593,28.629,28.847,29.218,21.218,22.077,23.519,22.947,29.858,31.156,22.47,21.787,15.571,NA,10.17,18.818,20.055,18.239,18.077,18.814,18.497,24.182,25.366,18.111,19.572,34.319,33.603,33.844,12.841,13.134,24.3,24.476,17.204,16.229,32.983,33.287,26.373,26.506,24.093,23.525,25.974,25.849,19.486,NA,14.067,17.026,17.239,27.424,27.73,16.14,15.732,22.238,21.661,15.492,15.248,14.256,14.06,20.805,21.902,27.669,27.758,27.755,26.039,23.193,30.758,29.984,32.994,34.348,18.227,19.727,14.893,15.096,NA,15.681,33.389,34.159
"1967",16.24,18.025,19.91,20.327,17.613,18.035,22.887,23.784,17.544,17.245,22.812,23.13,18.464,17.395,23.902,23.923,20.787,21.257,20.483,21.945,22.262,15.534,16.461,26.313,26.991,17.319,17.205,15.421,17.216,12.445,12.671,22.165,22.538,16.282,NA,28.405,29.588,22.272,21.969,23.842,23.287,NA,8.76900000000001,8.302,8.87,7.862,25.155,26.421,18.64,18.724,21.142,19.929,29.67,30.168,14.652,15.472,8.33000000000001,8.94800000000001,23.698,23.966,17.033,NA,14.214,19.741,20.71,12.738,12.855,18.956,18.95,12.499,24.768,24.827,NA,10.719,23.217,22.586,22.321,20.553,22.142,24.035,30.018,28.95,24.595,26.474,26.132,25.847,31.092,29.769,21.13,22.847,26.374,28.413,28.584,28.991,21.126,22.008,23.316,22.695,29.631,30.923,22.232,21.515,15.458,NA,10.1,18.692,19.956,18.139,17.951,18.666,18.349,23.937,25.101,18.001,19.499,34.125,33.336,33.671,12.495,12.832,23.941,NA,16.927,15.869,32.712,33.021,26.046,26.231,23.959,23.352,25.778,25.603,19.372,NA,13.932,16.921,17.143,27.19,27.537,16.006,15.568,22.129,21.406,15.403,15.115,14.169,13.947,20.648,21.755,27.469,27.587,27.342,25.49,22.97,30.518,29.673,32.702,34.064,18.057,19.575,14.815,14.978,NA,15.585,33.114,33.85
"1966",16.08,17.894,19.848,20.267,17.548,17.989,22.856,23.745,17.484,17.2,22.728,23.051,18.422,17.332,23.843,23.871,20.721,21.196,20.402,21.869,22.185,15.45,16.44,26.186,26.869,17.253,17.12,15.297,17.139,12.391,12.647,22.075,22.471,16.197,NA,28.29,29.501,22.231,21.909,23.773,23.218,NA,8.73400000000001,8.258,8.855,7.824,25.042,26.337,18.558,18.654,21.119,19.884,29.626,30.122,14.566,15.404,8.15900000000001,8.91600000000001,23.621,23.909,17.028,NA,14.196,19.654,20.692,12.707,12.818,18.884,18.897,12.485,24.704,24.722,NA,10.705,23.186,22.554,22.292,20.492,22.042,23.968,29.855,28.851,24.4,26.32,25.997,25.646,30.918,29.559,20.987,22.717,26.236,28.274,28.359,28.784,21.06,21.972,23.244,22.576,29.436,30.751,22.11,21.411,15.411,NA,10.065,18.61,19.919,18.089,17.9,18.586,18.279,23.791,24.917,17.936,19.441,33.958,33.116,33.509,12.217,12.621,23.547,NA,16.794,15.682,32.561,32.838,25.911,26.082,23.89,23.304,25.681,25.517,19.34,NA,13.901,16.883,17.095,27.064,27.464,15.939,15.48,22.054,21.261,15.372,15.049,14.136,13.886,20.546,21.677,27.258,27.432,NA,25.003,22.808,30.399,29.569,32.565,33.924,17.965,19.512,14.799,14.921,NA,15.545,32.949,33.707
"1965",15.802,17.676,19.7,20.144,17.424,17.894,22.753,23.683,17.383,17.075,22.571,22.873,18.234,17.155,23.702,23.73,20.56,21.052,20.243,21.684,21.982,15.378,16.344,25.904,26.611,17.12,16.965,15.071,16.985,12.299,12.61,21.889,22.338,15.996,NA,28.04,29.308,22.128,21.808,23.609,22.989,NA,8.63000000000001,8.162,8.763,7.685,24.847,26.195,18.369,18.526,20.965,19.757,29.499,30.005,14.43,15.291,8.12400000000001,8.79000000000001,23.513,23.784,16.988,NA,14.118,19.497,20.598,12.594,12.718,18.781,18.798,12.422,24.489,24.508,NA,10.613,23.104,22.484,22.197,20.377,21.793,23.79,29.631,28.653,24.072,26.071,25.836,25.447,30.652,29.228,20.76,22.534,25.99,28.065,28.122,28.531,20.874,21.843,22.997,22.298,29.083,30.436,21.934,21.218,15.283,NA,9.991,18.493,19.847,17.919,17.754,18.418,18.134,23.599,24.645,17.844,19.343,33.759,32.89,33.32,11.917,12.323,23.089,NA,16.576,15.405,32.247,32.564,25.69,25.869,23.702,23.087,25.454,25.269,19.166,NA,13.732,16.743,16.976,26.853,27.291,15.845,15.318,21.95,21.095,15.303,14.962,14.058,13.772,20.323,21.53,27.03,27.297,NA,24.497,22.52,30.215,29.358,32.315,33.623,17.739,19.384,14.76,14.836,NA,15.46,32.696,33.396
"1964",15.442,17.397,19.521,19.964,17.25,17.747,22.582,23.566,17.256,16.884,22.286,22.656,18.02,16.907,23.486,23.541,20.331,20.784,20.101,21.448,21.711,15.311,16.115,25.577,26.309,16.886,16.761,14.799,16.828,12.188,12.524,21.643,22.199,15.783,NA,27.654,28.999,21.929,21.623,23.366,22.7,NA,8.43700000000001,7.971,8.655,7.522,24.528,25.987,18.13,18.318,20.797,19.617,29.293,29.848,14.229,15.095,8.11200000000001,8.76400000000001,23.333,23.625,16.919,NA,13.951,19.263,20.411,12.434,12.594,18.616,18.613,12.315,24.225,24.183,NA,10.466,22.967,22.29,22.079,20.186,21.512,23.62,29.345,28.407,23.688,25.708,25.563,25.208,30.314,28.847,20.534,22.305,25.653,27.819,27.782,28.177,20.67,21.742,22.705,22.005,28.623,30.025,21.698,20.978,15.133,NA,9.902,18.281,19.691,17.722,17.537,18.249,17.923,23.277,24.331,17.739,19.235,33.499,32.547,33.044,11.578,11.976,22.678,NA,16.291,15.091,31.83,32.236,25.302,25.542,23.477,22.891,25.226,25.064,18.885,NA,13.473,16.607,16.798,26.636,27.051,15.674,15.141,21.772,20.825,15.15,14.808,13.904,13.579,20.106,21.297,26.713,27.097,NA,23.894,22.258,29.816,29.03,32.026,33.259,NA,19.112,14.65,14.641,NA,15.321,32.348,33.041
"1963",15.176,17.234,19.425,19.855,17.123,17.638,22.48,23.505,17.2,16.825,22.08,22.542,17.91,16.802,23.377,23.463,20.179,20.626,20.009,21.296,21.566,15.297,16.029,25.365,26.122,16.739,16.618,14.672,16.724,12.116,12.453,21.475,22.059,15.676,NA,27.47,28.825,21.769,21.505,23.213,22.534,NA,8.30600000000001,7.834,8.604,7.451,24.35,25.889,17.969,18.22,20.708,19.523,29.171,29.765,14.125,14.977,8.03300000000001,8.69900000000001,23.233,23.518,16.899,NA,13.879,19.206,20.357,12.335,12.534,18.557,18.548,12.248,24.073,24.038,NA,10.406,22.897,22.183,22.002,20.103,21.211,23.458,29.068,28.124,23.411,25.469,25.381,25.018,30.025,28.613,20.361,22.116,25.453,27.612,27.546,27.878,20.512,21.652,22.487,21.762,28.219,29.723,21.444,20.748,15.032,NA,9.836,18.139,19.572,17.624,17.43,18.142,17.826,23.124,24.209,17.653,19.163,33.277,32.262,32.837,11.407,11.758,22.266,NA,16.113,NA,31.632,32.011,25.033,25.278,23.281,22.724,25.034,24.903,18.747,NA,13.293,16.523,16.707,26.499,26.91,15.588,15.029,21.672,20.658,15.083,14.691,13.809,13.44,19.97,21.179,26.453,26.916,NA,NA,22.096,29.679,28.858,31.733,33.003,NA,19.015,14.592,14.512,NA,15.254,32.182,32.849
"1962",14.973,17.108,19.349,19.803,17.041,17.574,22.393,23.473,17.159,16.791,21.965,22.46,17.852,16.758,23.299,23.416,20.098,20.528,19.947,21.182,21.45,15.279,15.966,25.166,25.944,16.654,16.505,14.525,16.638,12.08,12.397,21.327,21.979,15.56,NA,27.292,28.68,21.684,21.431,23.092,22.417,NA,8.21200000000001,7.737,8.554,7.382,NA,25.813,17.851,18.159,20.636,19.469,29.096,NA,NA,NA,7.97900000000001,8.65300000000001,23.141,23.462,16.89,NA,NA,19.172,20.304,12.248,12.51,18.514,18.494,12.195,23.969,23.935,NA,10.35,22.836,22.111,21.971,20.044,20.985,23.358,28.817,27.905,23.141,25.284,25.134,24.876,29.754,28.313,20.204,21.924,25.285,27.477,27.315,27.68,20.333,21.547,22.303,21.524,27.936,29.474,21.268,20.483,14.953,NA,9.783,18.031,19.497,17.493,17.298,18.074,17.728,22.965,24.053,17.586,19.101,32.978,32,32.554,11.183,11.509,NA,NA,15.948,NA,31.387,31.736,24.836,25.076,23.175,22.574,24.877,24.736,18.665,NA,13.14,16.426,16.641,26.383,26.795,15.538,14.954,21.604,20.542,15.027,14.592,13.732,13.351,19.814,21.063,26.212,26.734,NA,NA,21.948,29.53,28.745,31.556,32.768,NA,18.936,14.529,14.387,NA,15.195,32.082,32.708
"1961",14.614,16.783,19.202,19.701,16.888,17.406,22.274,23.359,17.082,16.692,21.738,22.255,17.693,16.554,23.143,23.265,19.908,20.298,19.8,20.978,21.22,15.119,15.798,24.858,25.647,16.43,16.262,14.3,16.486,11.93,12.262,21.037,21.821,15.31,NA,26.954,28.416,21.46,21.213,22.818,22.19,NA,7.98800000000001,7.491,8.431,7.209,NA,25.613,17.638,17.985,20.473,19.279,28.906,NA,NA,NA,7.94300000000001,8.53000000000001,22.974,23.317,16.798,NA,NA,19.017,20.193,12.102,12.357,18.394,18.376,12.068,23.708,23.685,NA,10.203,22.704,21.991,21.871,19.869,20.764,23.151,28.54,27.585,22.745,25.075,24.839,24.599,29.317,27.883,19.95,21.572,24.97,27.2,26.991,27.342,20.132,21.405,22.013,21.218,27.555,28.964,20.91,20.095,14.764,NA,9.655,17.817,19.291,17.289,17.032,17.826,17.521,22.667,23.819,17.447,18.964,32.659,31.67,32.2,NA,11.146,NA,NA,15.622,NA,30.878,31.191,24.46,24.616,22.919,22.305,24.649,24.499,18.491,NA,12.915,16.244,16.466,26.078,26.508,15.383,14.763,21.46,20.319,14.867,14.422,13.588,13.185,19.564,20.914,25.852,26.468,NA,NA,21.654,29.188,28.416,31.23,32.428,NA,18.674,14.386,14.246,NA,15.094,31.803,32.368
"1960",14.075,16.361,18.988,19.494,16.677,17.179,22.099,23.175,16.956,16.508,21.454,21.938,17.434,16.333,22.947,23.04,19.652,19.968,19.646,20.698,21.016,14.91,15.51,24.428,25.22,16.102,15.915,13.993,16.266,11.699,12.062,20.683,21.575,15.004,NA,26.544,28.057,21.126,20.924,22.514,21.857,NA,7.67000000000001,7.166,8.263,6.979,NA,25.287,17.283,17.754,20.199,19.045,28.672,NA,NA,NA,7.77900000000001,8.33800000000001,22.744,23.109,16.689,NA,NA,18.768,20.029,11.907,11.976,18.279,18.179,11.892,23.315,23.36,NA,9.97700000000001,22.508,21.785,21.676,19.705,20.395,22.891,28.138,27.189,22.348,24.733,24.606,24.324,28.739,27.423,19.652,21.179,24.603,26.859,26.547,26.928,19.867,21.209,21.619,20.788,27.077,28.452,20.496,19.675,14.543,NA,9.465,17.532,19.081,17.034,16.704,17.553,17.254,22.3,23.468,17.284,18.76,32.283,31.29,31.839,NA,NA,NA,NA,15.226,NA,30.605,30.703,23.982,24.042,22.621,22.029,24.343,24.199,18.255,NA,12.579,15.967,16.22,25.718,26.176,15.128,14.433,21.191,20.009,14.659,14.161,13.436,13.022,19.209,20.691,25.494,26.168,NA,NA,21.273,28.793,28.024,30.876,32.002,NA,18.311,13.988,14.087,NA,14.958,31.477,32.04
"1959",13.627,16.005,18.759,19.323,16.467,16.941,21.947,23.05,16.811,16.307,21.185,21.62,17.181,16.053,22.721,22.797,19.39,19.59,NA,20.367,20.707,14.621,15.253,24.056,24.896,15.85,15.526,13.699,16.067,11.473,11.872,20.32,21.333,14.676,NA,26.075,27.743,20.779,20.651,22.19,21.523,NA,7.35500000000001,6.863,8.138,6.718,NA,25.025,17.007,17.473,19.954,18.835,28.453,NA,NA,NA,7.50200000000001,8.17700000000001,22.545,22.949,16.559,NA,NA,18.534,19.889,11.705,11.813,18.191,17.967,11.709,23.033,23.002,NA,9.72900000000001,22.311,21.604,21.518,19.501,20.025,22.648,27.75,26.782,21.938,24.404,24.357,24.014,28.173,26.97,19.297,20.783,24.193,26.518,26.16,26.544,19.512,20.993,21.202,20.361,26.402,27.732,NA,NA,14.344,NA,9.291,17.214,18.804,16.73,16.411,17.257,16.985,21.894,23.105,17.102,18.53,31.926,30.941,31.483,NA,NA,NA,NA,14.829,NA,30.174,30.241,23.521,23.475,22.309,21.718,24.018,23.856,18.007,NA,12.175,15.728,16.006,25.387,25.803,14.833,14.039,20.954,19.811,14.418,13.907,13.226,12.813,18.868,20.436,25.128,25.834,NA,NA,20.979,28.43,27.65,30.508,31.612,NA,17.932,13.61,13.871,NA,14.768,31.138,31.637
"1958",NA,NA,18.585,19.141,16.325,16.766,21.813,22.921,16.657,16.133,20.916,21.358,16.941,15.842,22.559,22.574,19.168,19.288,NA,19.979,20.377,14.312,14.926,23.69,24.571,15.603,15.158,13.422,15.875,11.172,11.668,19.968,21.11,14.353,NA,25.607,27.334,20.429,20.366,21.94,21.111,NA,7.05200000000001,6.554,7.961,6.473,NA,24.759,16.678,17.266,19.759,18.634,28.25,NA,NA,NA,7.34100000000001,8.13800000000001,22.343,22.761,16.469,NA,NA,18.356,19.742,11.518,11.66,18.138,17.793,11.575,22.702,22.693,NA,9.60300000000001,22.183,21.416,21.406,19.333,19.68,22.422,NA,26.372,21.466,24.188,24.101,23.735,27.653,26.561,18.911,20.356,23.824,26.216,25.852,26.232,19.261,20.854,20.875,20.028,NA,NA,NA,NA,14.148,NA,9.139,16.978,18.602,16.468,16.21,16.974,16.75,21.583,22.745,16.976,18.35,31.661,30.616,NA,NA,NA,NA,NA,14.449,NA,29.63,29.607,23.124,22.996,22.099,21.473,23.771,23.573,17.855,NA,11.921,15.471,15.744,24.998,25.466,14.59,13.787,20.734,19.613,14.221,13.674,13.044,12.626,18.594,20.19,24.754,25.499,NA,NA,20.688,27.975,27.248,30.151,31.218,NA,17.496,13.397,13.649,NA,14.561,30.846,31.334
"1957",NA,NA,18.351,18.947,16.146,16.542,21.635,22.746,16.395,15.897,20.591,21.048,16.676,15.561,22.309,22.281,18.872,18.82,NA,19.527,19.939,13.82,14.457,23.353,24.183,15.034,14.747,13.172,15.503,10.873,11.3,19.494,20.8,13.818,NA,24.996,26.917,20.029,20.003,21.541,20.582,NA,6.65800000000001,6.223,7.79,6.14,NA,24.408,16.324,16.919,19.481,18.318,28.008,NA,NA,NA,7.29800000000001,8.05100000000001,22.095,22.526,16.318,NA,NA,18.039,19.546,11.281,11.4,18.079,17.554,11.404,22.306,22.221,NA,9.36000000000001,22.023,21.222,21.249,19.145,19.375,22.209,NA,25.908,21.037,23.992,23.799,23.452,27.065,26.122,18.539,19.844,23.382,25.894,25.542,25.829,18.938,20.619,20.467,19.471,NA,NA,NA,NA,13.934,NA,8.935,16.665,18.388,16.129,15.914,16.648,16.445,21.254,22.426,16.824,18.142,31.351,30.306,NA,NA,NA,NA,NA,14.124,NA,29.099,28.893,22.657,22.453,21.779,21.168,23.386,23.196,17.648,NA,11.578,15.212,15.512,24.573,25.078,14.326,13.39,20.523,19.376,14.01,13.408,12.852,12.446,18.284,19.931,24.256,25.186,NA,NA,20.291,27.575,26.816,29.709,30.74,NA,16.954,13.002,13.425,NA,14.371,30.477,30.975
"1956",NA,NA,18.217,18.858,16.014,16.529,21.48,22.646,16.214,15.684,20.358,20.778,16.467,15.356,22.045,22.035,18.617,18.494,NA,19.116,19.472,13.441,14.037,23.018,23.838,14.698,14.292,12.911,15.211,10.633,11.101,19.188,20.57,13.478,NA,24.566,26.648,19.703,19.718,21.269,20.242,NA,6.39600000000001,5.988,7.64,5.932,NA,24.142,16.075,16.7,19.237,18.091,27.871,NA,NA,NA,7.15800000000001,7.93100000000001,21.905,22.38,16.227,NA,NA,17.817,19.383,11.126,11.23,17.952,17.426,11.28,22.061,21.956,NA,9.22300000000001,21.896,21.098,21.14,18.997,19.113,22.02,NA,25.519,20.619,23.747,23.499,23.275,26.58,25.777,18.244,19.448,23.028,25.605,25.232,25.431,18.677,20.481,20.19,19.133,NA,NA,NA,NA,13.795,NA,8.8,16.449,18.217,15.902,15.725,16.433,16.223,20.949,22.153,16.722,18.008,31.061,30.026,NA,NA,NA,NA,NA,13.85,NA,28.73,28.408,22.333,22.028,21.512,20.921,23.107,22.92,17.413,NA,11.255,15.09,15.314,24.273,24.775,14.042,13.104,20.369,19.189,13.829,13.204,12.712,12.294,18.002,19.737,23.889,24.989,NA,NA,19.978,27.229,26.508,29.379,30.375,NA,16.417,12.783,13.259,NA,14.152,30.265,30.733
"1955",NA,NA,18.1,18.778,15.905,16.487,21.364,22.562,16.025,15.467,20.139,20.542,16.267,15.158,21.836,21.828,18.411,18.208,NA,18.809,19.037,NA,NA,22.738,23.549,14.42,13.958,12.693,14.927,10.432,10.941,18.838,20.322,13.212,NA,24.234,26.465,19.377,19.463,21,19.967,NA,6.12200000000001,NA,7.508,5.657,NA,23.975,15.9,16.469,19.072,17.906,27.774,NA,NA,NA,6.99500000000001,7.84200000000001,21.783,22.272,16.155,NA,NA,17.663,19.27,NA,NA,17.791,17.359,11.172,21.897,NA,NA,9.15300000000001,21.787,20.968,21.05,18.895,18.918,21.816,NA,25.249,20.264,23.542,23.227,23.071,26.091,25.452,18.027,19.12,22.747,25.391,25.046,25.141,18.375,20.319,19.864,18.788,NA,NA,NA,NA,13.712,NA,8.687,16.256,18.079,15.73,15.519,16.253,16.027,20.791,22.015,16.593,17.901,30.77,29.747,NA,NA,NA,NA,NA,NA,NA,28.398,27.896,22.053,21.618,21.324,20.78,22.883,22.688,17.244,NA,11.027,14.953,15.157,23.987,24.484,NA,12.897,20.222,19.017,13.722,13.059,12.586,12.199,17.762,19.61,23.553,24.75,NA,NA,19.772,26.939,26.204,29.16,30.077,NA,16.013,12.665,13.104,NA,14.027,30.029,30.522
"1954",NA,NA,17.96,18.694,15.801,16.432,21.258,22.507,15.827,15.256,19.858,20.234,16.063,14.947,21.633,21.631,18.182,17.981,NA,18.469,18.584,NA,NA,22.529,23.29,14.1,13.668,12.477,14.616,10.255,10.764,18.471,20.093,12.933,NA,23.823,26.318,19.059,19.205,20.735,19.654,NA,5.80900000000001,NA,NA,5.45,NA,23.767,15.72,16.206,18.859,17.7,27.679,NA,NA,NA,6.86600000000001,7.69600000000001,21.651,22.158,16.135,NA,NA,17.505,19.163,NA,NA,17.612,17.267,11.026,21.678,NA,NA,9.06700000000001,21.671,20.834,20.976,18.802,18.613,21.635,NA,24.988,19.834,23.24,22.797,22.724,25.704,25.167,17.761,18.833,22.468,25.129,24.819,24.834,18.095,20.153,19.522,18.446,NA,NA,NA,NA,13.612,NA,8.566,16.052,17.946,15.565,15.34,16.112,15.855,20.537,21.739,16.436,17.729,30.463,29.474,NA,NA,NA,NA,NA,NA,NA,28.061,27.434,21.773,NA,21.131,20.615,22.663,22.449,17.074,NA,NA,14.796,14.987,23.68,24.194,NA,NA,20.069,18.864,13.597,12.863,12.455,12.108,17.551,19.454,23.286,24.54,NA,NA,19.592,26.708,25.937,28.953,29.815,NA,15.419,12.512,12.924,NA,13.844,29.835,30.349
"1953",NA,NA,17.805,18.622,15.605,16.373,21.082,22.419,15.549,15.002,19.461,19.806,15.784,14.649,21.345,21.301,17.929,17.715,NA,18.042,18.139,NA,NA,22.223,22.872,13.788,13.355,12.221,14.326,10.022,10.505,18.042,19.818,12.572,NA,23.395,26.101,18.629,18.877,20.42,19.289,NA,NA,NA,NA,5.189,NA,23.566,15.484,NA,18.561,17.423,27.571,NA,NA,NA,NA,7.62400000000001,21.504,22.012,16.065,NA,NA,17.272,18.982,NA,NA,17.388,17.193,10.843,21.425,NA,NA,8.92800000000001,21.522,20.708,20.897,18.669,18.235,21.334,NA,24.69,19.327,22.899,22.364,22.343,25.138,24.764,17.492,18.494,22.259,24.858,24.586,24.515,17.788,19.997,19.169,18.115,NA,NA,NA,NA,13.508,NA,8.457,15.814,17.812,15.383,15.15,15.897,15.668,20.188,21.405,16.253,17.544,30.121,29.129,NA,NA,NA,NA,NA,NA,NA,27.674,26.904,21.436,NA,20.845,20.341,22.37,22.201,16.817,NA,NA,14.616,14.859,23.401,23.911,NA,NA,19.859,18.686,13.463,12.673,12.301,11.995,17.334,19.245,22.986,24.355,NA,NA,19.441,26.475,25.671,28.708,29.477,NA,14.675,12.267,12.761,NA,13.664,29.668,30.152
"1952",NA,NA,17.71,18.555,15.509,16.341,20.978,22.349,15.345,14.861,19.195,19.536,15.595,14.429,21.046,21.045,17.634,17.419,NA,17.634,NA,NA,NA,21.829,22.537,NA,NA,11.963,14.032,9.838,10.296,17.654,19.532,NA,NA,22.924,25.897,18.175,18.581,NA,18.989,NA,NA,NA,NA,NA,NA,23.354,15.28,NA,18.332,17.233,27.498,NA,NA,NA,NA,7.50800000000001,21.403,21.913,15.996,NA,NA,17.105,18.874,NA,NA,17.206,17.155,10.709,21.21,NA,NA,8.82800000000001,21.416,20.591,20.819,18.589,17.797,21.114,NA,24.43,18.885,22.566,22.002,22.022,24.727,24.46,NA,NA,22.035,24.627,24.372,24.21,17.578,19.897,18.884,17.859,NA,NA,NA,NA,13.396,NA,8.367,15.635,17.644,15.268,15.013,15.729,15.487,19.94,21.202,16.117,17.367,29.807,28.809,NA,NA,NA,NA,NA,NA,NA,27.35,26.477,21.143,NA,20.6,20.182,22.154,21.976,16.618,NA,NA,14.479,14.769,23.137,23.627,NA,NA,19.68,18.562,13.35,12.513,12.191,11.893,17.149,19.077,22.75,24.187,NA,NA,19.256,26.351,25.514,28.463,29.205,NA,14.154,12.141,12.638,NA,13.467,29.471,29.935
"1951",NA,NA,17.528,18.429,15.344,16.328,20.717,22.203,15.085,14.615,18.718,19.108,15.424,14.174,20.791,20.762,17.412,17.178,NA,17.194,NA,NA,NA,21.384,22.131,NA,NA,11.667,13.672,9.669,10.041,17.229,19.195,NA,NA,22.317,25.529,17.666,18.235,NA,18.544,NA,NA,NA,NA,NA,NA,23.066,14.915,NA,17.948,16.929,27.396,NA,NA,NA,NA,7.24900000000001,21.272,21.789,15.886,NA,NA,16.882,18.755,NA,NA,16.853,16.946,10.524,21.012,NA,NA,8.56100000000001,21.227,20.391,20.647,18.463,17.308,20.76,NA,NA,18.358,22.084,21.556,21.657,NA,NA,NA,NA,21.628,24.299,24.038,23.783,17.163,19.719,NA,NA,NA,NA,NA,NA,13.233,NA,8.237,15.341,17.427,15.081,14.782,15.498,15.227,NA,NA,15.972,17.23,29.535,28.52,NA,NA,NA,NA,NA,NA,NA,26.872,25.838,20.748,NA,20.259,19.871,21.758,21.499,16.273,NA,NA,14.222,14.581,22.727,23.268,NA,NA,19.441,18.402,13.184,12.242,12.027,11.703,16.915,18.817,22.429,23.939,NA,NA,18.988,26.19,25.157,28.077,28.725,NA,13.77,11.943,12.444,NA,13.172,29.204,29.664
"1950",NA,NA,17.471,18.39,15.248,16.28,20.601,22.136,15.034,14.554,18.542,18.973,15.352,14.092,20.733,20.681,17.325,17.095,NA,17.121,NA,NA,NA,21.143,22.13,NA,NA,11.524,13.5,9.583,9.91500000000001,17.038,19.061,NA,NA,21.924,25.308,17.307,17.989,NA,NA,NA,NA,NA,NA,NA,NA,NA,14.748,NA,17.77,16.776,27.328,NA,NA,NA,NA,7.08400000000001,21.197,21.686,15.846,NA,NA,16.832,18.729,NA,NA,16.756,16.896,10.465,20.937,NA,NA,NA,21.134,20.308,20.555,18.398,16.985,20.515,NA,NA,18.093,21.839,21.373,21.471,NA,NA,NA,NA,21.362,NA,23.787,23.547,16.865,19.546,NA,NA,NA,NA,NA,NA,13.107,NA,8.153,15.103,17.287,14.953,14.633,15.276,15.037,NA,NA,15.851,17.136,29.25,28.283,NA,NA,NA,NA,NA,NA,NA,26.411,25.331,20.408,NA,20.091,19.644,21.54,21.24,16.1,NA,NA,14.04,14.442,22.376,23.008,NA,NA,19.302,18.284,13.087,12.139,11.933,11.596,16.762,18.652,22.219,23.792,NA,NA,NA,26,24.868,27.801,28.443,NA,13.359,11.824,12.311,NA,13.002,28.989,29.443
"1949",NA,NA,17.356,18.317,15.115,16.231,20.456,22.038,14.942,14.445,18.342,18.831,15.252,13.966,20.632,20.563,17.201,16.946,NA,17.041,NA,NA,NA,20.844,21.906,NA,NA,11.432,13.384,9.434,9.75000000000001,16.798,18.881,NA,NA,21.404,24.77,16.922,17.664,NA,NA,NA,NA,NA,NA,NA,NA,NA,NA,NA,17.574,NA,NA,NA,NA,NA,NA,6.86200000000001,21.109,21.581,15.786,NA,NA,16.711,18.674,NA,NA,16.583,16.8,10.395,NA,NA,NA,NA,21.011,20.21,20.459,18.308,NA,NA,NA,NA,17.726,21.521,21.102,21.233,NA,NA,NA,NA,21.094,NA,23.559,23.24,16.432,19.309,NA,NA,NA,NA,NA,NA,13.027,NA,8.022,14.833,17.126,14.762,14.387,15.034,14.741,NA,NA,15.724,16.951,28.897,27.916,NA,NA,NA,NA,NA,NA,NA,25.892,24.879,NA,NA,19.893,19.309,21.221,20.758,15.77,NA,NA,13.737,14.11,21.925,22.612,NA,NA,19.079,18.12,13.002,12.059,11.791,11.432,16.53,18.444,21.901,23.55,NA,NA,NA,25.677,24.582,27.458,28.101,NA,NA,11.617,12.094,NA,12.738,28.649,29.139
"1948",NA,NA,17.137,18.112,14.828,16.186,20.136,21.814,14.699,14.207,17.941,18.512,15.056,13.725,20.442,20.323,17.012,16.695,NA,16.812,NA,NA,NA,20.328,21.562,NA,NA,NA,NA,NA,9.43800000000001,16.398,18.548,NA,NA,20.911,24.334,16.37,17.149,NA,NA,NA,NA,NA,NA,NA,NA,NA,NA,NA,NA,NA,NA,NA,NA,NA,NA,6.66800000000001,20.881,21.36,15.681,NA,NA,16.428,18.507,NA,NA,16.244,16.548,10.191,NA,NA,NA,NA,20.724,19.911,20.23,18.116,NA,NA,NA,NA,17.317,21.112,20.755,20.928,NA,NA,NA,NA,20.87,NA,23.302,22.861,15.922,18.979,NA,NA,NA,NA,NA,NA,12.953,NA,7.901,14.507,16.92,14.553,14.078,14.734,14.514,NA,NA,15.549,16.622,28.471,27.481,NA,NA,NA,NA,NA,NA,NA,NA,NA,NA,NA,19.595,18.875,NA,NA,15.303,NA,NA,13.297,13.727,21.526,22.187,NA,NA,18.873,17.832,12.812,11.836,11.61,11.209,16.258,18.223,21.507,23.335,NA,NA,NA,25.32,24.182,27.068,27.626,NA,NA,NA,NA,NA,12.39,28.341,28.896
"1947",NA,NA,16.912,17.932,14.599,16.096,19.803,21.608,14.477,14.001,17.592,18.209,14.869,13.512,20.292,20.128,16.831,16.488,NA,NA,NA,NA,NA,19.904,21.061,NA,NA,NA,NA,NA,NA,16.13,18.33,NA,NA,20.49,23.813,15.886,16.683,NA,NA,NA,NA,NA,NA,NA,NA,NA,NA,NA,NA,NA,NA,NA,NA,NA,NA,6.41900000000001,20.691,21.197,15.544,NA,NA,16.215,18.371,NA,NA,NA,16.311,10.012,NA,NA,NA,NA,20.444,19.655,NA,NA,NA,NA,NA,NA,16.963,20.779,20.453,20.593,NA,NA,NA,NA,20.605,NA,23.096,22.542,NA,18.625,NA,NA,NA,NA,NA,NA,12.723,NA,7.763,14.212,16.703,14.293,13.752,NA,NA,NA,NA,15.333,16.36,28.094,27.103,NA,NA,NA,NA,NA,NA,NA,NA,NA,NA,NA,19.214,18.526,NA,NA,14.857,NA,NA,12.872,13.368,NA,NA,NA,NA,18.621,17.503,12.641,11.584,11.445,10.975,15.996,17.986,21.184,23.131,NA,NA,NA,24.975,23.865,26.769,27.216,NA,NA,NA,NA,NA,12.06,28.1,28.589
"1946",NA,NA,16.74,17.788,14.326,15.862,19.426,21.367,14.268,13.808,17.35,17.994,14.716,13.358,20.095,19.963,16.687,16.33,NA,NA,NA,NA,NA,NA,20.544,NA,NA,NA,NA,NA,NA,15.853,18.123,NA,NA,20.153,NA,15.513,16.264,NA,NA,NA,NA,NA,NA,NA,NA,NA,NA,NA,NA,NA,NA,NA,NA,NA,NA,NA,NA,NA,15.422,NA,NA,16.102,18.253,NA,NA,NA,16.114,9.869,NA,NA,NA,NA,20.229,19.469,NA,NA,NA,NA,NA,NA,16.707,20.514,20.191,20.295,NA,NA,NA,NA,20.341,NA,22.924,22.245,NA,18.278,NA,NA,NA,NA,NA,NA,12.525,NA,7.64,13.945,16.553,NA,NA,NA,NA,NA,NA,15.16,16.169,27.802,26.761,NA,NA,NA,NA,NA,NA,NA,NA,NA,NA,NA,NA,18.205,NA,NA,14.485,NA,NA,NA,NA,NA,NA,NA,NA,18.275,17.143,12.51,11.32,11.298,10.773,15.797,17.775,20.932,22.932,NA,NA,NA,24.574,23.461,26.454,26.825,NA,NA,NA,NA,NA,NA,27.849,28.234
"1945",NA,NA,16.64,17.691,14.119,15.676,19.134,21.183,14.116,13.658,NA,NA,14.61,13.239,19.931,19.828,16.57,16.229,NA,NA,NA,NA,NA,NA,NA,NA,NA,NA,NA,NA,NA,NA,NA,NA,NA,NA,NA,15.288,16.044,NA,NA,NA,NA,NA,NA,NA,NA,NA,NA,NA,NA,NA,NA,NA,NA,NA,NA,NA,NA,NA,15.319,NA,NA,16.036,18.132,NA,NA,NA,15.941,9.747,NA,NA,NA,NA,20.002,19.261,NA,NA,NA,NA,NA,NA,16.513,20.336,20.019,20.044,NA,NA,NA,NA,NA,NA,22.8,22.037,NA,NA,NA,NA,NA,NA,NA,NA,12.373,NA,7.564,13.8,16.485,NA,NA,NA,NA,NA,NA,14.995,16.081,NA,NA,NA,NA,NA,NA,NA,NA,NA,NA,NA,NA,NA,NA,17.969,NA,NA,NA,NA,NA,NA,NA,NA,NA,NA,NA,18.094,16.948,12.42,11.184,11.171,10.621,15.713,17.664,20.737,22.807,NA,NA,NA,24.282,23.18,26.178,26.48,NA,NA,NA,NA,NA,NA,27.717,27.897
"1944",NA,NA,16.471,17.525,NA,15.474,18.653,20.848,13.924,13.418,NA,NA,14.422,13.085,19.69,19.653,16.369,16.058,NA,NA,NA,NA,NA,NA,NA,NA,NA,NA,NA,NA,NA,NA,NA,NA,NA,NA,NA,NA,NA,NA,NA,NA,NA,NA,NA,NA,NA,NA,NA,NA,NA,NA,NA,NA,NA,NA,NA,NA,NA,NA,15.112,NA,NA,15.893,17.97,NA,NA,NA,15.682,9.567,NA,NA,NA,NA,19.586,18.961,NA,NA,NA,NA,NA,NA,16.365,20.01,19.728,19.9,NA,NA,NA,NA,NA,NA,22.589,21.809,NA,NA,NA,NA,NA,NA,NA,NA,NA,NA,7.452,13.689,16.388,NA,NA,NA,NA,NA,NA,14.891,15.98,NA,NA,NA,NA,NA,NA,NA,NA,NA,NA,NA,NA,NA,NA,17.728,NA,NA,NA,NA,NA,NA,NA,NA,NA,NA,NA,17.902,16.716,12.284,11.046,11.045,10.466,15.577,17.512,20.528,22.647,NA,NA,NA,23.986,22.893,25.864,26.201,NA,NA,NA,NA,NA,NA,27.387,27.597
"1943",NA,NA,16.258,17.375,NA,15.349,18.122,20.479,13.761,13.196,NA,NA,NA,NA,19.385,19.451,NA,NA,NA,NA,NA,NA,NA,NA,NA,NA,NA,NA,NA,NA,NA,NA,NA,NA,NA,NA,NA,NA,NA,NA,NA,NA,NA,NA,NA,NA,NA,NA,NA,NA,NA,NA,NA,NA,NA,NA,NA,NA,NA,NA,14.83,NA,NA,15.642,17.792,NA,NA,NA,15.403,NA,NA,NA,NA,NA,18.982,18.563,NA,NA,NA,NA,NA,NA,16.197,19.787,19.45,19.736,NA,NA,NA,NA,NA,NA,22.377,21.507,NA,NA,NA,NA,NA,NA,NA,NA,NA,NA,7.322,13.511,16.261,NA,NA,NA,NA,NA,NA,14.712,15.831,NA,NA,NA,NA,NA,NA,NA,NA,NA,NA,NA,NA,NA,NA,17.43,NA,NA,NA,NA,NA,NA,NA,NA,NA,NA,NA,17.734,16.528,12.176,10.934,10.913,10.305,15.388,17.363,20.368,22.501,NA,NA,NA,23.725,22.573,NA,25.955,NA,NA,NA,NA,NA,NA,27.043,27.239
"1942",NA,NA,16.035,17.232,NA,NA,17.487,20.109,NA,12.994,NA,NA,NA,NA,19.078,19.264,NA,NA,NA,NA,NA,NA,NA,NA,NA,NA,NA,NA,NA,NA,NA,NA,NA,NA,NA,NA,NA,NA,NA,NA,NA,NA,NA,NA,NA,NA,NA,NA,NA,NA,NA,NA,NA,NA,NA,NA,NA,NA,NA,NA,14.533,NA,NA,15.426,17.597,NA,NA,NA,15.116,NA,NA,NA,NA,NA,NA,18.198,NA,NA,NA,NA,NA,NA,16.044,19.63,19.246,19.602,NA,NA,NA,NA,NA,NA,22.227,21.216,NA,NA,NA,NA,NA,NA,NA,NA,NA,NA,NA,13.305,16.138,NA,NA,NA,NA,NA,NA,14.577,15.753,NA,NA,NA,NA,NA,NA,NA,NA,NA,NA,NA,NA,NA,NA,17.156,NA,NA,NA,NA,NA,NA,NA,NA,NA,NA,NA,17.578,16.337,12.05,10.787,10.816,10.153,15.243,17.269,20.255,22.313,NA,NA,NA,23.503,NA,NA,25.679,NA,NA,NA,NA,NA,NA,26.749,26.958
"1941",NA,NA,15.867,17.103,NA,NA,16.931,19.667,NA,12.793,NA,NA,NA,NA,18.879,19.14,NA,NA,NA,NA,NA,NA,NA,NA,NA,NA,NA,NA,NA,NA,NA,NA,NA,NA,NA,NA,NA,NA,NA,NA,NA,NA,NA,NA,NA,NA,NA,NA,NA,NA,NA,NA,NA,NA,NA,NA,NA,NA,NA,NA,14.336,NA,NA,15.292,17.494,NA,NA,NA,14.876,NA,NA,NA,NA,NA,NA,NA,NA,NA,NA,NA,NA,NA,15.976,19.588,19.079,19.413,NA,NA,NA,NA,NA,NA,22.063,21.114,NA,NA,NA,NA,NA,NA,NA,NA,NA,NA,NA,13.147,16.021,NA,NA,NA,NA,NA,NA,14.469,15.664,NA,NA,NA,NA,NA,NA,NA,NA,NA,NA,NA,NA,NA,NA,16.978,NA,NA,NA,NA,NA,NA,NA,NA,NA,NA,NA,17.512,16.22,11.984,10.649,10.733,10.013,15.157,17.18,20.076,22.166,NA,NA,NA,23.326,NA,NA,25.531,NA,NA,NA,NA,NA,NA,26.499,26.707
"1940",NA,NA,15.606,16.947,NA,NA,16.277,19.213,NA,NA,NA,NA,NA,NA,18.717,19.011,NA,NA,NA,NA,NA,NA,NA,NA,NA,NA,NA,NA,NA,NA,NA,NA,NA,NA,NA,NA,NA,NA,NA,NA,NA,NA,NA,NA,NA,NA,NA,NA,NA,NA,NA,NA,NA,NA,NA,NA,NA,NA,NA,NA,14.047,NA,NA,15.199,17.448,NA,NA,NA,14.622,NA,NA,NA,NA,NA,NA,NA,NA,NA,NA,NA,NA,NA,15.903,19.531,NA,NA,NA,NA,NA,NA,NA,NA,NA,20.946,NA,NA,NA,NA,NA,NA,NA,NA,NA,NA,NA,12.992,15.878,NA,NA,NA,NA,NA,NA,NA,NA,NA,NA,NA,NA,NA,NA,NA,NA,NA,NA,NA,NA,NA,NA,16.733,NA,NA,NA,NA,NA,NA,NA,NA,NA,NA,NA,17.37,16.077,11.733,10.573,NA,NA,15.019,17.052,19.84,21.971,NA,NA,NA,23.102,NA,NA,25.391,NA,NA,NA,NA,NA,NA,26.266,26.412
"1939",NA,NA,15.501,16.821,NA,NA,15.909,18.903,NA,NA,NA,NA,NA,NA,18.587,18.965,NA,NA,NA,NA,NA,NA,NA,NA,NA,NA,NA,NA,NA,NA,NA,NA,NA,NA,NA,NA,NA,NA,NA,NA,NA,NA,NA,NA,NA,NA,NA,NA,NA,NA,NA,NA,NA,NA,NA,NA,NA,NA,NA,NA,NA,NA,NA,15.145,17.407,NA,NA,NA,14.442,NA,NA,NA,NA,NA,NA,NA,NA,NA,NA,NA,NA,NA,15.857,19.478,NA,NA,NA,NA,NA,NA,NA,NA,NA,20.73,NA,NA,NA,NA,NA,NA,NA,NA,NA,NA,NA,12.831,15.732,NA,NA,NA,NA,NA,NA,NA,NA,NA,NA,NA,NA,NA,NA,NA,NA,NA,NA,NA,NA,NA,NA,16.573,NA,NA,NA,NA,NA,NA,NA,NA,NA,NA,NA,17.233,15.932,11.61,10.46,NA,NA,14.953,16.952,19.769,21.891,NA,NA,NA,22.899,NA,NA,25.336,NA,NA,NA,NA,NA,NA,26.149,26.25
"1938",NA,NA,15.485,16.791,NA,NA,NA,18.713,NA,NA,NA,NA,NA,NA,18.473,18.945,NA,NA,NA,NA,NA,NA,NA,NA,NA,NA,NA,NA,NA,NA,NA,NA,NA,NA,NA,NA,NA,NA,NA,NA,NA,NA,NA,NA,NA,NA,NA,NA,NA,NA,NA,NA,NA,NA,NA,NA,NA,NA,NA,NA,NA,NA,NA,15.094,17.353,NA,NA,NA,14.373,NA,NA,NA,NA,NA,NA,NA,NA,NA,NA,NA,NA,NA,15.844,19.45,NA,NA,NA,NA,NA,NA,NA,NA,NA,20.603,NA,NA,NA,NA,NA,NA,NA,NA,NA,NA,NA,12.724,15.604,NA,NA,NA,NA,NA,NA,NA,NA,NA,NA,NA,NA,NA,NA,NA,NA,NA,NA,NA,NA,NA,NA,16.447,NA,NA,NA,NA,NA,NA,NA,NA,NA,NA,NA,17.161,15.87,11.58,10.435,NA,NA,14.906,16.894,19.686,21.795,NA,NA,NA,22.729,NA,NA,25.084,NA,NA,NA,NA,NA,NA,26.083,26.159
"1937",NA,NA,15.406,16.697,NA,NA,NA,NA,NA,NA,NA,NA,NA,NA,18.357,18.827,NA,NA,NA,NA,NA,NA,NA,NA,NA,NA,NA,NA,NA,NA,NA,NA,NA,NA,NA,NA,NA,NA,NA,NA,NA,NA,NA,NA,NA,NA,NA,NA,NA,NA,NA,NA,NA,NA,NA,NA,NA,NA,NA,NA,NA,NA,NA,14.952,17.239,NA,NA,NA,NA,NA,NA,NA,NA,NA,NA,NA,NA,NA,NA,NA,NA,NA,NA,NA,NA,NA,NA,NA,NA,NA,NA,NA,NA,20.458,NA,NA,NA,NA,NA,NA,NA,NA,NA,NA,NA,12.613,15.463,NA,NA,NA,NA,NA,NA,NA,NA,NA,NA,NA,NA,NA,NA,NA,NA,NA,NA,NA,NA,NA,NA,NA,NA,NA,NA,NA,NA,NA,NA,NA,NA,NA,NA,17.034,15.769,11.515,10.367,NA,NA,14.87,16.839,19.578,21.675,NA,NA,NA,NA,NA,NA,24.78,NA,NA,NA,NA,NA,NA,25.961,26.022
"1936",NA,NA,15.26,16.57,NA,NA,NA,NA,NA,NA,NA,NA,NA,NA,NA,NA,NA,NA,NA,NA,NA,NA,NA,NA,NA,NA,NA,NA,NA,NA,NA,NA,NA,NA,NA,NA,NA,NA,NA,NA,NA,NA,NA,NA,NA,NA,NA,NA,NA,NA,NA,NA,NA,NA,NA,NA,NA,NA,NA,NA,NA,NA,NA,14.787,17.123,NA,NA,NA,NA,NA,NA,NA,NA,NA,NA,NA,NA,NA,NA,NA,NA,NA,NA,NA,NA,NA,NA,NA,NA,NA,NA,NA,NA,20.25,NA,NA,NA,NA,NA,NA,NA,NA,NA,NA,NA,12.444,15.283,NA,NA,NA,NA,NA,NA,NA,NA,NA,NA,NA,NA,NA,NA,NA,NA,NA,NA,NA,NA,NA,NA,NA,NA,NA,NA,NA,NA,NA,NA,NA,NA,NA,NA,16.899,15.689,11.445,10.304,NA,NA,14.811,16.779,NA,NA,NA,NA,NA,NA,NA,NA,24.548,NA,NA,NA,NA,NA,NA,25.893,25.899
"1935",NA,NA,15.143,16.459,NA,NA,NA,NA,NA,NA,NA,NA,NA,NA,NA,NA,NA,NA,NA,NA,NA,NA,NA,NA,NA,NA,NA,NA,NA,NA,NA,NA,NA,NA,NA,NA,NA,NA,NA,NA,NA,NA,NA,NA,NA,NA,NA,NA,NA,NA,NA,NA,NA,NA,NA,NA,NA,NA,NA,NA,NA,NA,NA,NA,NA,NA,NA,NA,NA,NA,NA,NA,NA,NA,NA,NA,NA,NA,NA,NA,NA,NA,NA,NA,NA,NA,NA,NA,NA,NA,NA,NA,NA,NA,NA,NA,NA,NA,NA,NA,NA,NA,NA,NA,NA,12.276,15.058,NA,NA,NA,NA,NA,NA,NA,NA,NA,NA,NA,NA,NA,NA,NA,NA,NA,NA,NA,NA,NA,NA,NA,NA,NA,NA,NA,NA,NA,NA,NA,NA,NA,NA,16.749,15.58,11.36,10.189,NA,NA,14.741,16.704,NA,NA,NA,NA,NA,NA,NA,NA,24.261,NA,NA,NA,NA,NA,NA,25.783,25.735
"1934",NA,NA,NA,NA,NA,NA,NA,NA,NA,NA,NA,NA,NA,NA,NA,NA,NA,NA,NA,NA,NA,NA,NA,NA,NA,NA,NA,NA,NA,NA,NA,NA,NA,NA,NA,NA,NA,NA,NA,NA,NA,NA,NA,NA,NA,NA,NA,NA,NA,NA,NA,NA,NA,NA,NA,NA,NA,NA,NA,NA,NA,NA,NA,NA,NA,NA,NA,NA,NA,NA,NA,NA,NA,NA,NA,NA,NA,NA,NA,NA,NA,NA,NA,NA,NA,NA,NA,NA,NA,NA,NA,NA,NA,NA,NA,NA,NA,NA,NA,NA,NA,NA,NA,NA,NA,NA,NA,NA,NA,NA,NA,NA,NA,NA,NA,NA,NA,NA,NA,NA,NA,NA,NA,NA,NA,NA,NA,NA,NA,NA,NA,NA,NA,NA,NA,NA,NA,NA,NA,NA,NA,NA,NA,11.298,10.084,NA,NA,NA,NA,NA,NA,NA,NA,NA,NA,NA,NA,NA,NA,NA,NA,NA,NA,NA,25.628,25.539
"1933",NA,NA,NA,NA,NA,NA,NA,NA,NA,NA,NA,NA,NA,NA,NA,NA,NA,NA,NA,NA,NA,NA,NA,NA,NA,NA,NA,NA,NA,NA,NA,NA,NA,NA,NA,NA,NA,NA,NA,NA,NA,NA,NA,NA,NA,NA,NA,NA,NA,NA,NA,NA,NA,NA,NA,NA,NA,NA,NA,NA,NA,NA,NA,NA,NA,NA,NA,NA,NA,NA,NA,NA,NA,NA,NA,NA,NA,NA,NA,NA,NA,NA,NA,NA,NA,NA,NA,NA,NA,NA,NA,NA,NA,NA,NA,NA,NA,NA,NA,NA,NA,NA,NA,NA,NA,NA,NA,NA,NA,NA,NA,NA,NA,NA,NA,NA,NA,NA,NA,NA,NA,NA,NA,NA,NA,NA,NA,NA,NA,NA,NA,NA,NA,NA,NA,NA,NA,NA,NA,NA,NA,NA,NA,NA,NA,NA,NA,NA,NA,NA,NA,NA,NA,NA,NA,NA,NA,NA,NA,NA,NA,NA,NA,NA,25.413,25.281
"1932",NA,NA,NA,NA,NA,NA,NA,NA,NA,NA,NA,NA,NA,NA,NA,NA,NA,NA,NA,NA,NA,NA,NA,NA,NA,NA,NA,NA,NA,NA,NA,NA,NA,NA,NA,NA,NA,NA,NA,NA,NA,NA,NA,NA,NA,NA,NA,NA,NA,NA,NA,NA,NA,NA,NA,NA,NA,NA,NA,NA,NA,NA,NA,NA,NA,NA,NA,NA,NA,NA,NA,NA,NA,NA,NA,NA,NA,NA,NA,NA,NA,NA,NA,NA,NA,NA,NA,NA,NA,NA,NA,NA,NA,NA,NA,NA,NA,NA,NA,NA,NA,NA,NA,NA,NA,NA,NA,NA,NA,NA,NA,NA,NA,NA,NA,NA,NA,NA,NA,NA,NA,NA,NA,NA,NA,NA,NA,NA,NA,NA,NA,NA,NA,NA,NA,NA,NA,NA,NA,NA,NA,NA,NA,NA,NA,NA,NA,NA,NA,NA,NA,NA,NA,NA,NA,NA,NA,NA,NA,NA,NA,NA,NA,NA,25.189,24.985
"1931",NA,NA,NA,NA,NA,NA,NA,NA,NA,NA,NA,NA,NA,NA,NA,NA,NA,NA,NA,NA,NA,NA,NA,NA,NA,NA,NA,NA,NA,NA,NA,NA,NA,NA,NA,NA,NA,NA,NA,NA,NA,NA,NA,NA,NA,NA,NA,NA,NA,NA,NA,NA,NA,NA,NA,NA,NA,NA,NA,NA,NA,NA,NA,NA,NA,NA,NA,NA,NA,NA,NA,NA,NA,NA,NA,NA,NA,NA,NA,NA,NA,NA,NA,NA,NA,NA,NA,NA,NA,NA,NA,NA,NA,NA,NA,NA,NA,NA,NA,NA,NA,NA,NA,NA,NA,NA,NA,NA,NA,NA,NA,NA,NA,NA,NA,NA,NA,NA,NA,NA,NA,NA,NA,NA,NA,NA,NA,NA,NA,NA,NA,NA,NA,NA,NA,NA,NA,NA,NA,NA,NA,NA,NA,NA,NA,NA,NA,NA,NA,NA,NA,NA,NA,NA,NA,NA,NA,NA,NA,NA,NA,NA,NA,NA,24.92,24.646
"1930",NA,NA,NA,NA,NA,NA,NA,NA,NA,NA,NA,NA,NA,NA,NA,NA,NA,NA,NA,NA,NA,NA,NA,NA,NA,NA,NA,NA,NA,NA,NA,NA,NA,NA,NA,NA,NA,NA,NA,NA,NA,NA,NA,NA,NA,NA,NA,NA,NA,NA,NA,NA,NA,NA,NA,NA,NA,NA,NA,NA,NA,NA,NA,NA,NA,NA,NA,NA,NA,NA,NA,NA,NA,NA,NA,NA,NA,NA,NA,NA,NA,NA,NA,NA,NA,NA,NA,NA,NA,NA,NA,NA,NA,NA,NA,NA,NA,NA,NA,NA,NA,NA,NA,NA,NA,NA,NA,NA,NA,NA,NA,NA,NA,NA,NA,NA,NA,NA,NA,NA,NA,NA,NA,NA,NA,NA,NA,NA,NA,NA,NA,NA,NA,NA,NA,NA,NA,NA,NA,NA,NA,NA,NA,NA,NA,NA,NA,NA,NA,NA,NA,NA,NA,NA,NA,NA,NA,NA,NA,NA,NA,NA,NA,NA,24.661,24.369
"1929",NA,NA,NA,NA,NA,NA,NA,NA,NA,NA,NA,NA,NA,NA,NA,NA,NA,NA,NA,NA,NA,NA,NA,NA,NA,NA,NA,NA,NA,NA,NA,NA,NA,NA,NA,NA,NA,NA,NA,NA,NA,NA,NA,NA,NA,NA,NA,NA,NA,NA,NA,NA,NA,NA,NA,NA,NA,NA,NA,NA,NA,NA,NA,NA,NA,NA,NA,NA,NA,NA,NA,NA,NA,NA,NA,NA,NA,NA,NA,NA,NA,NA,NA,NA,NA,NA,NA,NA,NA,NA,NA,NA,NA,NA,NA,NA,NA,NA,NA,NA,NA,NA,NA,NA,NA,NA,NA,NA,NA,NA,NA,NA,NA,NA,NA,NA,NA,NA,NA,NA,NA,NA,NA,NA,NA,NA,NA,NA,NA,NA,NA,NA,NA,NA,NA,NA,NA,NA,NA,NA,NA,NA,NA,NA,NA,NA,NA,NA,NA,NA,NA,NA,NA,NA,NA,NA,NA,NA,NA,NA,NA,NA,NA,NA,24.419,24.089
"1928",NA,NA,NA,NA,NA,NA,NA,NA,NA,NA,NA,NA,NA,NA,NA,NA,NA,NA,NA,NA,NA,NA,NA,NA,NA,NA,NA,NA,NA,NA,NA,NA,NA,NA,NA,NA,NA,NA,NA,NA,NA,NA,NA,NA,NA,NA,NA,NA,NA,NA,NA,NA,NA,NA,NA,NA,NA,NA,NA,NA,NA,NA,NA,NA,NA,NA,NA,NA,NA,NA,NA,NA,NA,NA,NA,NA,NA,NA,NA,NA,NA,NA,NA,NA,NA,NA,NA,NA,NA,NA,NA,NA,NA,NA,NA,NA,NA,NA,NA,NA,NA,NA,NA,NA,NA,NA,NA,NA,NA,NA,NA,NA,NA,NA,NA,NA,NA,NA,NA,NA,NA,NA,NA,NA,NA,NA,NA,NA,NA,NA,NA,NA,NA,NA,NA,NA,NA,NA,NA,NA,NA,NA,NA,NA,NA,NA,NA,NA,NA,NA,NA,NA,NA,NA,NA,NA,NA,NA,NA,NA,NA,NA,NA,NA,NA,NA
"1927",NA,NA,NA,NA,NA,NA,NA,NA,NA,NA,NA,NA,NA,NA,NA,NA,NA,NA,NA,NA,NA,NA,NA,NA,NA,NA,NA,NA,NA,NA,NA,NA,NA,NA,NA,NA,NA,NA,NA,NA,NA,NA,NA,NA,NA,NA,NA,NA,NA,NA,NA,NA,NA,NA,NA,NA,NA,NA,NA,NA,NA,NA,NA,NA,NA,NA,NA,NA,NA,NA,NA,NA,NA,NA,NA,NA,NA,NA,NA,NA,NA,NA,NA,NA,NA,NA,NA,NA,NA,NA,NA,NA,NA,NA,NA,NA,NA,NA,NA,NA,NA,NA,NA,NA,NA,NA,NA,NA,NA,NA,NA,NA,NA,NA,NA,NA,NA,NA,NA,NA,NA,NA,NA,NA,NA,NA,NA,NA,NA,NA,NA,NA,NA,NA,NA,NA,NA,NA,NA,NA,NA,NA,NA,NA,NA,NA,NA,NA,NA,NA,NA,NA,NA,NA,NA,NA,NA,NA,NA,NA,NA,NA,NA,NA,NA,NA
"1926",NA,NA,NA,NA,NA,NA,NA,NA,NA,NA,NA,NA,NA,NA,NA,NA,NA,NA,NA,NA,NA,NA,NA,NA,NA,NA,NA,NA,NA,NA,NA,NA,NA,NA,NA,NA,NA,NA,NA,NA,NA,NA,NA,NA,NA,NA,NA,NA,NA,NA,NA,NA,NA,NA,NA,NA,NA,NA,NA,NA,NA,NA,NA,NA,NA,NA,NA,NA,NA,NA,NA,NA,NA,NA,NA,NA,NA,NA,NA,NA,NA,NA,NA,NA,NA,NA,NA,NA,NA,NA,NA,NA,NA,NA,NA,NA,NA,NA,NA,NA,NA,NA,NA,NA,NA,NA,NA,NA,NA,NA,NA,NA,NA,NA,NA,NA,NA,NA,NA,NA,NA,NA,NA,NA,NA,NA,NA,NA,NA,NA,NA,NA,NA,NA,NA,NA,NA,NA,NA,NA,NA,NA,NA,NA,NA,NA,NA,NA,NA,NA,NA,NA,NA,NA,NA,NA,NA,NA,NA,NA,NA,NA,NA,NA,NA,NA
"1925",NA,NA,NA,NA,NA,NA,NA,NA,NA,NA,NA,NA,NA,NA,NA,NA,NA,NA,NA,NA,NA,NA,NA,NA,NA,NA,NA,NA,NA,NA,NA,NA,NA,NA,NA,NA,NA,NA,NA,NA,NA,NA,NA,NA,NA,NA,NA,NA,NA,NA,NA,NA,NA,NA,NA,NA,NA,NA,NA,NA,NA,NA,NA,NA,NA,NA,NA,NA,NA,NA,NA,NA,NA,NA,NA,NA,NA,NA,NA,NA,NA,NA,NA,NA,NA,NA,NA,NA,NA,NA,NA,NA,NA,NA,NA,NA,NA,NA,NA,NA,NA,NA,NA,NA,NA,NA,NA,NA,NA,NA,NA,NA,NA,NA,NA,NA,NA,NA,NA,NA,NA,NA,NA,NA,NA,NA,NA,NA,NA,NA,NA,NA,NA,NA,NA,NA,NA,NA,NA,NA,NA,NA,NA,NA,NA,NA,NA,NA,NA,NA,NA,NA,NA,NA,NA,NA,NA,NA,NA,NA,NA,NA,NA,NA,NA,NA
"1924",NA,NA,NA,NA,NA,NA,NA,NA,NA,NA,NA,NA,NA,NA,NA,NA,NA,NA,NA,NA,NA,NA,NA,NA,NA,NA,NA,NA,NA,NA,NA,NA,NA,NA,NA,NA,NA,NA,NA,NA,NA,NA,NA,NA,NA,NA,NA,NA,NA,NA,NA,NA,NA,NA,NA,NA,NA,NA,NA,NA,NA,NA,NA,NA,NA,NA,NA,NA,NA,NA,NA,NA,NA,NA,NA,NA,NA,NA,NA,NA,NA,NA,NA,NA,NA,NA,NA,NA,NA,NA,NA,NA,NA,NA,NA,NA,NA,NA,NA,NA,NA,NA,NA,NA,NA,NA,NA,NA,NA,NA,NA,NA,NA,NA,NA,NA,NA,NA,NA,NA,NA,NA,NA,NA,NA,NA,NA,NA,NA,NA,NA,NA,NA,NA,NA,NA,NA,NA,NA,NA,NA,NA,NA,NA,NA,NA,NA,NA,NA,NA,NA,NA,NA,NA,NA,NA,NA,NA,NA,NA,NA,NA,NA,NA,NA,NA
"1923",NA,NA,NA,NA,NA,NA,NA,NA,NA,NA,NA,NA,NA,NA,NA,NA,NA,NA,NA,NA,NA,NA,NA,NA,NA,NA,NA,NA,NA,NA,NA,NA,NA,NA,NA,NA,NA,NA,NA,NA,NA,NA,NA,NA,NA,NA,NA,NA,NA,NA,NA,NA,NA,NA,NA,NA,NA,NA,NA,NA,NA,NA,NA,NA,NA,NA,NA,NA,NA,NA,NA,NA,NA,NA,NA,NA,NA,NA,NA,NA,NA,NA,NA,NA,NA,NA,NA,NA,NA,NA,NA,NA,NA,NA,NA,NA,NA,NA,NA,NA,NA,NA,NA,NA,NA,NA,NA,NA,NA,NA,NA,NA,NA,NA,NA,NA,NA,NA,NA,NA,NA,NA,NA,NA,NA,NA,NA,NA,NA,NA,NA,NA,NA,NA,NA,NA,NA,NA,NA,NA,NA,NA,NA,NA,NA,NA,NA,NA,NA,NA,NA,NA,NA,NA,NA,NA,NA,NA,NA,NA,NA,NA,NA,NA,NA,NA
